"","pairid","Cluster_identity","cluster","co_exp_prop","host_only_prop","nested_only_prop","not_expressing_prop"
"1","10528_ID","Endothelial cells","3",0,0.0987654320987654,0,0.901234567901235
"2","10528_ID","Pachytene","3",0.00100502512562814,0.057286432160804,0.00703517587939699,0.934673366834171
"3","10528_ID","Early spermatids","3",0,0.940446650124069,0.000620347394540943,0.0589330024813896
"4","10528_ID","Diff.spermatogonia/Preleptotene","3",0,0.0518394648829431,0,0.948160535117057
"5","10528_ID","Leydig cells","3",0,0.0681818181818182,0,0.931818181818182
"6","10528_ID","Leptotene","3",0,0.106753812636166,0,0.893246187363834
"7","10528_ID","Undifferentiated spermatogonia","3",0,0.0603248259860789,0.000773395204949729,0.938901778808971
"8","10528_ID","Late spermatids","3",0.000509164969450102,0.656822810590631,0,0.342668024439919
"9","10528_ID","Zygotene","3",0,0.0665972944849116,0,0.933402705515088
"10","10528_ID","PMCs","3",0,0.137857900318134,0,0.862142099681866
"11","10528_ID","Meiotic divisions","3",0.0024588148512417,0.595033194000492,0.00122940742562085,0.401278583722646
"12","10528_ID","Fibrotic peritubular myoid cells","3",0,0.11340206185567,0,0.88659793814433
"13","10528_ID","Macrophages","3",0,0.0555555555555556,0,0.944444444444444
"14","10528_ID","Sertoli cells","3",0,0.0416666666666667,0.00595238095238095,0.952380952380952
"15","10528_ID","Diplotene","3",0.00515222482435597,0.246370023419204,0.00421545667447307,0.744262295081967
"16","10529_ID","Undifferentiated spermatogonia","3",0,0.0146945088940449,0.000773395204949729,0.984532095901005
"17","10529_ID","Zygotene","3",0,0.0114464099895942,0,0.988553590010406
"18","10529_ID","Late spermatids","3",0,0.0672097759674134,0.000509164969450102,0.932281059063137
"19","10529_ID","Early spermatids","3",0,0.21712158808933,0.000620347394540943,0.782258064516129
"20","10529_ID","Leydig cells","3",0,0,0,1
"21","10529_ID","Pachytene","3",0,0.0120603015075377,0.00804020100502513,0.979899497487437
"22","10529_ID","Diff.spermatogonia/Preleptotene","3",0,0.00668896321070234,0,0.993311036789298
"23","10529_ID","Macrophages","3",0,0,0,1
"24","10529_ID","Sertoli cells","3",0,0.0119047619047619,0.00595238095238095,0.982142857142857
"25","10529_ID","Endothelial cells","3",0,0.0123456790123457,0,0.987654320987654
"26","10529_ID","Diplotene","3",0,0.0173302107728337,0.00936768149882904,0.973302107728337
"27","10529_ID","PMCs","3",0,0.0212089077412513,0,0.978791092258749
"28","10529_ID","Fibrotic peritubular myoid cells","3",0,0,0,1
"29","10529_ID","Meiotic divisions","3",0.00049176297024834,0.128841898205065,0.00319645930661421,0.867469879518072
"30","10529_ID","Leptotene","3",0,0.0130718954248366,0,0.986928104575163
"31","10530_ID","Meiotic divisions","3",0.00049176297024834,0.280550774526678,0.00319645930661421,0.715761003196459
"32","10530_ID","Macrophages","3",0,0,0,1
"33","10530_ID","Fibrotic peritubular myoid cells","3",0,0.0154639175257732,0,0.984536082474227
"34","10530_ID","Undifferentiated spermatogonia","3",0,0.0317092034029389,0.000773395204949729,0.967517401392111
"35","10530_ID","Diff.spermatogonia/Preleptotene","3",0,0.0334448160535117,0,0.966555183946488
"36","10530_ID","Sertoli cells","3",0,0.125,0.00595238095238095,0.869047619047619
"37","10530_ID","Pachytene","3",0,0.0160804020100503,0.00804020100502513,0.975879396984925
"38","10530_ID","Leydig cells","3",0,0.0227272727272727,0,0.977272727272727
"39","10530_ID","Early spermatids","3",0.000620347394540943,0.478908188585608,0,0.520471464019851
"40","10530_ID","Late spermatids","3",0,0.397148676171079,0.000509164969450102,0.602342158859471
"41","10530_ID","Diplotene","3",0.000936768149882904,0.0941451990632318,0.00843091334894614,0.896487119437939
"42","10530_ID","PMCs","3",0,0.0509013785790032,0,0.949098621420997
"43","10530_ID","Zygotene","3",0,0.0218522372528616,0,0.978147762747138
"44","10530_ID","Endothelial cells","3",0,0.0246913580246914,0,0.975308641975309
"45","10530_ID","Leptotene","3",0,0.0261437908496732,0,0.973856209150327
"46","11961_ID","Pachytene","3",0.00100502512562814,0.0422110552763819,0.0050251256281407,0.951758793969849
"47","11961_ID","Endothelial cells","3",0,0.271604938271605,0,0.728395061728395
"48","11961_ID","Leydig cells","3",0,0.0909090909090909,0,0.909090909090909
"49","11961_ID","Sertoli cells","3",0.00595238095238095,0.0416666666666667,0.00595238095238095,0.946428571428571
"50","11961_ID","Late spermatids","3",0.00203665987780041,0.0336048879837067,0.0325865580448065,0.931771894093686
"51","11961_ID","Macrophages","3",0,0,0,1
"52","11961_ID","PMCs","3",0,0.0254506892895016,0.0095440084835631,0.965005302226935
"53","11961_ID","Fibrotic peritubular myoid cells","3",0,0.0309278350515464,0,0.969072164948454
"54","11961_ID","Diff.spermatogonia/Preleptotene","3",0,0.0117056856187291,0.00167224080267559,0.986622073578595
"55","11961_ID","Zygotene","3",0,0.0176899063475546,0.00416233090530697,0.978147762747138
"56","11961_ID","Diplotene","3",0,0.0154566744730679,0.00187353629976581,0.982669789227166
"57","11961_ID","Early spermatids","3",0.00372208436724566,0.0279156327543424,0.122828784119107,0.845533498759305
"58","11961_ID","Meiotic divisions","3",0.00049176297024834,0.024588148512417,0.0147528891074502,0.960167199409884
"59","11961_ID","Leptotene","3",0,0.0130718954248366,0,0.986928104575163
"60","11961_ID","Undifferentiated spermatogonia","3",0,0.0409899458623357,0.00232018561484919,0.956689868522815
"61","12638_ID","Diff.spermatogonia/Preleptotene","3",0,0.0100334448160535,0.068561872909699,0.921404682274247
"62","12638_ID","Sertoli cells","3",0,0.0238095238095238,0.113095238095238,0.863095238095238
"63","12638_ID","Pachytene","3",0,0.00201005025125628,0.0562814070351759,0.941708542713568
"64","12638_ID","Diplotene","3",0,0.00234192037470726,0.0224824355971897,0.975175644028103
"65","12638_ID","PMCs","3",0.00106044538706257,0.00106044538706257,0.141039236479321,0.856839872746554
"66","12638_ID","Macrophages","3",0,0,0.0555555555555556,0.944444444444444
"67","12638_ID","Late spermatids","3",0.00763747454175153,0.00152749490835031,0.739816700610998,0.2510183299389
"68","12638_ID","Leydig cells","3",0,0,0.0681818181818182,0.931818181818182
"69","12638_ID","Leptotene","3",0,0.00217864923747277,0.100217864923747,0.89760348583878
"70","12638_ID","Early spermatids","3",0.0161290322580645,0.000620347394540943,0.942928039702233,0.0403225806451613
"71","12638_ID","Meiotic divisions","3",0.0090976149495943,0.0103270223752151,0.433734939759036,0.546840422916154
"72","12638_ID","Zygotene","3",0,0.00208116545265349,0.0676378772112383,0.930280957336108
"73","12638_ID","Undifferentiated spermatogonia","3",0.00232018561484919,0.0255220417633411,0.0719257540603248,0.900232018561485
"74","12638_ID","Endothelial cells","3",0,0,0.0617283950617284,0.938271604938272
"75","12638_ID","Fibrotic peritubular myoid cells","3",0,0,0.0824742268041237,0.917525773195876
"76","12922_ID","Leptotene","3",0,0.00435729847494553,0,0.995642701525055
"77","12922_ID","Undifferentiated spermatogonia","3",0,0.0108275328692962,0,0.989172467130704
"78","12922_ID","Early spermatids","3",0.0223325062034739,0.120967741935484,0.0657568238213399,0.790942928039702
"79","12922_ID","Endothelial cells","3",0,0,0.0123456790123457,0.987654320987654
"80","12922_ID","Fibrotic peritubular myoid cells","3",0,0.00515463917525773,0,0.994845360824742
"81","12922_ID","Sertoli cells","3",0,0.0119047619047619,0,0.988095238095238
"82","12922_ID","Macrophages","3",0,0,0,1
"83","12922_ID","Pachytene","3",0,0.0050251256281407,0.00100502512562814,0.993969849246231
"84","12922_ID","Leydig cells","3",0,0.0227272727272727,0,0.977272727272727
"85","12922_ID","Diff.spermatogonia/Preleptotene","3",0,0.0117056856187291,0.00167224080267559,0.986622073578595
"86","12922_ID","Late spermatids","3",0.00254582484725051,0.0437881873727088,0.00916496945010183,0.944501018329939
"87","12922_ID","Meiotic divisions","3",0.00221293336611753,0.102778460781903,0.0090976149495943,0.885910990902385
"88","12922_ID","PMCs","3",0,0.0169671261930011,0.00106044538706257,0.981972428419936
"89","12922_ID","Diplotene","3",0.000468384074941452,0.00749414519906323,0.00140515222482436,0.990632318501171
"90","12922_ID","Zygotene","3",0,0.00416233090530697,0.00208116545265349,0.993756503642039
"91","1390_ID","Fibrotic peritubular myoid cells","3",0,0,0,1
"92","1390_ID","Pachytene","3",0,0.0130653266331658,0.00804020100502513,0.978894472361809
"93","1390_ID","Undifferentiated spermatogonia","3",0.000773395204949729,0.020108275328693,0.00541376643464811,0.973704563031709
"94","1390_ID","PMCs","3",0.00530222693531283,0.0296924708377519,0.0031813361611877,0.961823966065748
"95","1390_ID","Leptotene","3",0,0.0174291938997821,0.00217864923747277,0.980392156862745
"96","1390_ID","Macrophages","3",0,0,0.0555555555555556,0.944444444444444
"97","1390_ID","Diplotene","3",0.000468384074941452,0.0285714285714286,0.0206088992974239,0.950351288056206
"98","1390_ID","Meiotic divisions","3",0.0479468895992132,0.321858864027539,0.0366363412835014,0.593557905089747
"99","1390_ID","Diff.spermatogonia/Preleptotene","3",0,0.0150501672240803,0,0.98494983277592
"100","1390_ID","Zygotene","3",0,0.0145681581685744,0.00416233090530697,0.981269510926119
"101","1390_ID","Leydig cells","3",0,0,0,1
"102","1390_ID","Endothelial cells","3",0,0.0246913580246914,0,0.975308641975309
"103","1390_ID","Late spermatids","3",0.000509164969450102,0.0442973523421589,0.00560081466395112,0.94959266802444
"104","1390_ID","Early spermatids","3",0.0136476426799007,0.331265508684864,0.011166253101737,0.643920595533499
"105","1390_ID","Sertoli cells","3",0.00595238095238095,0.0119047619047619,0,0.982142857142857
"106","1575_ID","Diplotene","3",0,0.0374707259953162,0.000936768149882904,0.961592505854801
"107","1575_ID","Fibrotic peritubular myoid cells","3",0,0.0206185567010309,0,0.979381443298969
"108","1575_ID","Leydig cells","3",0,0.0454545454545455,0,0.954545454545455
"109","1575_ID","Late spermatids","3",0.00305498981670061,0.159368635437882,0.0178207739307536,0.819755600814664
"110","1575_ID","Early spermatids","3",0.00620347394540943,0.294044665012407,0.00992555831265509,0.689826302729529
"111","1575_ID","Pachytene","3",0,0.0160804020100503,0,0.98391959798995
"112","1575_ID","Meiotic divisions","3",0,0.17629702483403,0.00024588148512417,0.823457093680846
"113","1575_ID","Leptotene","3",0,0.0108932461873638,0,0.989106753812636
"114","1575_ID","PMCs","3",0,0.0275715800636267,0,0.972428419936373
"115","1575_ID","Diff.spermatogonia/Preleptotene","3",0,0.0183946488294314,0.00167224080267559,0.979933110367893
"116","1575_ID","Macrophages","3",0,0,0,1
"117","1575_ID","Undifferentiated spermatogonia","3",0,0.0224284609435422,0,0.977571539056458
"118","1575_ID","Endothelial cells","3",0,0.0123456790123457,0,0.987654320987654
"119","1575_ID","Sertoli cells","3",0,0.0595238095238095,0,0.94047619047619
"120","1575_ID","Zygotene","3",0,0.0270551508844953,0,0.972944849115505
"121","1729_ID","Zygotene","3",0,0.0197710718002081,0.00312174817898023,0.977107180020812
"122","1729_ID","Endothelial cells","3",0,0,0.0123456790123457,0.987654320987654
"123","1729_ID","Fibrotic peritubular myoid cells","3",0,0,0,1
"124","1729_ID","Macrophages","3",0,0,0,1
"125","1729_ID","Sertoli cells","3",0,0,0.00595238095238095,0.994047619047619
"126","1729_ID","Pachytene","3",0,0.00804020100502513,0.0050251256281407,0.986934673366834
"127","1729_ID","Late spermatids","3",0,0.00305498981670061,0.0274949083503055,0.969450101832994
"128","1729_ID","Undifferentiated spermatogonia","3",0.00309358081979892,0.178654292343387,0.00154679040989946,0.816705336426914
"129","1729_ID","Leydig cells","3",0,0,0,1
"130","1729_ID","Diplotene","3",0,0.00702576112412178,0.00655737704918033,0.986416861826698
"131","1729_ID","PMCs","3",0,0,0.0137857900318134,0.986214209968187
"132","1729_ID","Early spermatids","3",0.00124069478908189,0.00806451612903226,0.127791563275434,0.862903225806452
"133","1729_ID","Meiotic divisions","3",0.000983525940496681,0.00344234079173838,0.0899926235554463,0.905581509712319
"134","1729_ID","Diff.spermatogonia/Preleptotene","3",0,0.0334448160535117,0.00668896321070234,0.959866220735786
"135","1729_ID","Leptotene","3",0,0.0130718954248366,0.00435729847494553,0.982570806100218
"136","2151_ID","Undifferentiated spermatogonia","1",0.00618716163959783,0.0479505027068832,0.0116009280742459,0.934261407579273
"137","2151_ID","Early spermatids","1",0.275434243176179,0.577543424317618,0.0241935483870968,0.122828784119107
"138","2151_ID","Late spermatids","1",0.0178207739307536,0.240325865580448,0.0504073319755601,0.691446028513238
"139","2151_ID","Zygotene","1",0.0124869927159209,0.036420395421436,0.0135275754422477,0.937565036420395
"140","2151_ID","Meiotic divisions","1",0.497172362921072,0.299975411851488,0.0673715269240226,0.135480698303418
"141","2151_ID","PMCs","1",0.0275715800636267,0.0572640509013786,0.0212089077412513,0.893955461293743
"142","2151_ID","Macrophages","1",0,0.0555555555555556,0,0.944444444444444
"143","2151_ID","Leydig cells","1",0.0227272727272727,0.0681818181818182,0.0227272727272727,0.886363636363636
"144","2151_ID","Fibrotic peritubular myoid cells","1",0,0.0154639175257732,0.00515463917525773,0.979381443298969
"145","2151_ID","Pachytene","1",0.00100502512562814,0.0321608040201005,0.0110552763819095,0.955778894472362
"146","2151_ID","Diplotene","1",0.0131147540983607,0.0688524590163934,0.0407494145199063,0.87728337236534
"147","2151_ID","Diff.spermatogonia/Preleptotene","1",0.00668896321070234,0.0351170568561873,0.0117056856187291,0.946488294314381
"148","2151_ID","Endothelial cells","1",0,0.0617283950617284,0.037037037037037,0.901234567901235
"149","2151_ID","Sertoli cells","1",0.0119047619047619,0.0773809523809524,0.0357142857142857,0.875
"150","2151_ID","Leptotene","1",0.00217864923747277,0.028322440087146,0.0152505446623094,0.954248366013072
"151","2198_ID","Pachytene","3",0,0.0221105527638191,0.0160804020100503,0.961809045226131
"152","2198_ID","Zygotene","3",0,0.0135275754422477,0.00416233090530697,0.982310093652445
"153","2198_ID","Undifferentiated spermatogonia","3",0,0.0123743232791957,0.00232018561484919,0.985305491105955
"154","2198_ID","Leptotene","3",0,0,0,1
"155","2198_ID","Diplotene","3",0,0.0173302107728337,0.00421545667447307,0.978454332552693
"156","2198_ID","PMCs","3",0,0.00212089077412513,0,0.997879109225875
"157","2198_ID","Leydig cells","3",0,0,0,1
"158","2198_ID","Early spermatids","3",0,0.00124069478908189,0.000620347394540943,0.998138957816377
"159","2198_ID","Endothelial cells","3",0,0,0,1
"160","2198_ID","Sertoli cells","3",0,0.00595238095238095,0,0.994047619047619
"161","2198_ID","Diff.spermatogonia/Preleptotene","3",0,0.00167224080267559,0,0.998327759197324
"162","2198_ID","Macrophages","3",0,0,0,1
"163","2198_ID","Late spermatids","3",0,0,0.0010183299389002,0.9989816700611
"164","2198_ID","Fibrotic peritubular myoid cells","3",0,0,0,1
"165","2198_ID","Meiotic divisions","3",0,0.00172117039586919,0.00344234079173838,0.994836488812392
"166","2303_ID","Meiotic divisions","3",0.00049176297024834,0.026063437423162,0.0169658224735677,0.956478977133022
"167","2303_ID","Early spermatids","3",0,0.0192307692307692,0.00682382133995037,0.97394540942928
"168","2303_ID","Macrophages","3",0,0,0,1
"169","2303_ID","Leptotene","3",0,0.0305010893246187,0.0174291938997821,0.952069716775599
"170","2303_ID","Pachytene","3",0.0331658291457286,0.0311557788944724,0.266331658291457,0.669346733668342
"171","2303_ID","PMCs","3",0.00106044538706257,0.0095440084835631,0.00424178154825027,0.985153764581124
"172","2303_ID","Sertoli cells","3",0.0178571428571429,0.0297619047619048,0.107142857142857,0.845238095238095
"173","2303_ID","Diplotene","3",0.000936768149882904,0.0313817330210773,0.0304449648711944,0.937236533957845
"174","2303_ID","Fibrotic peritubular myoid cells","3",0,0.00515463917525773,0.0154639175257732,0.979381443298969
"175","2303_ID","Zygotene","3",0.171696149843913,0.0291363163371488,0.483870967741935,0.315296566077003
"176","2303_ID","Leydig cells","3",0,0,0,1
"177","2303_ID","Diff.spermatogonia/Preleptotene","3",0,0.0117056856187291,0.00501672240802676,0.983277591973244
"178","2303_ID","Undifferentiated spermatogonia","3",0.00154679040989946,0.00850734725444702,0.0100541376643465,0.979891724671307
"179","2303_ID","Late spermatids","3",0,0.0132382892057026,0.00661914460285132,0.980142566191446
"180","2303_ID","Endothelial cells","3",0,0.0123456790123457,0,0.987654320987654
"181","2510_ID","Leptotene","3",0,0.00217864923747277,0.0065359477124183,0.991285403050109
"182","2510_ID","Late spermatids","3",0.00356415478615071,0.127291242362525,0.0162932790224033,0.852851323828921
"183","2510_ID","Endothelial cells","3",0,0,0.0123456790123457,0.987654320987654
"184","2510_ID","Pachytene","3",0.0050251256281407,0.0100502512562814,0.248241206030151,0.736683417085427
"185","2510_ID","Diplotene","3",0.00234192037470726,0.0107728337236534,0.177985948477752,0.808899297423888
"186","2510_ID","Fibrotic peritubular myoid cells","3",0,0.00515463917525773,0.0103092783505155,0.984536082474227
"187","2510_ID","Macrophages","3",0,0.0555555555555556,0,0.944444444444444
"188","2510_ID","Leydig cells","3",0,0.0227272727272727,0,0.977272727272727
"189","2510_ID","Sertoli cells","3",0,0.0119047619047619,0.0416666666666667,0.946428571428571
"190","2510_ID","Early spermatids","3",0.0142679900744417,0.140198511166253,0.0521091811414392,0.793424317617866
"191","2510_ID","Diff.spermatogonia/Preleptotene","3",0,0.0117056856187291,0.0117056856187291,0.976588628762542
"192","2510_ID","Meiotic divisions","3",0.00319645930661421,0.0253257929677895,0.0971231866240472,0.874354561101549
"193","2510_ID","PMCs","3",0.00106044538706257,0.0095440084835631,0.0137857900318134,0.975609756097561
"194","2510_ID","Undifferentiated spermatogonia","3",0,0.0139211136890951,0.00541376643464811,0.980665119876257
"195","2510_ID","Zygotene","3",0,0.0104058272632674,0.0551508844953174,0.934443288241415
"196","3028_ID","Zygotene","3",0,0.0104058272632674,0.00936524453694069,0.980228928199792
"197","3028_ID","Leptotene","3",0.00217864923747277,0.0108932461873638,0.0065359477124183,0.980392156862745
"198","3028_ID","Endothelial cells","3",0,0,0,1
"199","3028_ID","Macrophages","3",0,0,0,1
"200","3028_ID","Sertoli cells","3",0,0.0238095238095238,0,0.976190476190476
"201","3028_ID","Fibrotic peritubular myoid cells","3",0,0.00515463917525773,0.00515463917525773,0.989690721649485
"202","3028_ID","Late spermatids","3",0.00356415478615071,0.104378818737271,0.0183299389002037,0.873727087576375
"203","3028_ID","Diplotene","3",0.000468384074941452,0.0187353629976581,0.0206088992974239,0.960187353629977
"204","3028_ID","Early spermatids","3",0.0477667493796526,0.339950372208437,0.0452853598014888,0.566997518610422
"205","3028_ID","Diff.spermatogonia/Preleptotene","3",0,0.0117056856187291,0.0167224080267559,0.971571906354515
"206","3028_ID","Meiotic divisions","3",0.0103270223752151,0.164248832062946,0.0371281042537497,0.78829604130809
"207","3028_ID","Pachytene","3",0,0.00904522613065327,0.0160804020100503,0.974874371859296
"208","3028_ID","Leydig cells","3",0,0.0227272727272727,0.0227272727272727,0.954545454545455
"209","3028_ID","PMCs","3",0.00530222693531283,0.0265111346765642,0.00742311770943796,0.960763520678685
"210","3028_ID","Undifferentiated spermatogonia","3",0,0.020108275328693,0.0154679040989946,0.964423820572312
"211","3077_ID","Pachytene","3",0,0.00603015075376884,0,0.993969849246231
"212","3077_ID","Sertoli cells","3",0,0.0476190476190476,0,0.952380952380952
"213","3077_ID","Diplotene","3",0,0.014519906323185,0,0.985480093676815
"214","3077_ID","Undifferentiated spermatogonia","3",0,0.02861562258314,0,0.97138437741686
"215","3077_ID","Late spermatids","3",0.000509164969450102,0.274949083503055,0.0010183299389002,0.723523421588595
"216","3077_ID","Zygotene","3",0,0.0187304890738814,0,0.981269510926119
"217","3077_ID","Fibrotic peritubular myoid cells","3",0,0.0257731958762887,0,0.974226804123711
"218","3077_ID","Early spermatids","3",0.0043424317617866,0.673076923076923,0.00186104218362283,0.320719602977667
"219","3077_ID","Meiotic divisions","3",0.00172117039586919,0.434226702729284,0.00270469633636587,0.56134743053848
"220","3077_ID","Diff.spermatogonia/Preleptotene","3",0,0.020066889632107,0,0.979933110367893
"221","3077_ID","PMCs","3",0,0.0509013785790032,0,0.949098621420997
"222","3077_ID","Macrophages","3",0,0,0,1
"223","3077_ID","Leptotene","3",0,0.0239651416122004,0.00217864923747277,0.973856209150327
"224","3077_ID","Leydig cells","3",0,0,0,1
"225","3077_ID","Endothelial cells","3",0,0.0246913580246914,0,0.975308641975309
"226","3093_ID","Late spermatids","3",0.0122199592668024,0.562627291242363,0.00712830957230143,0.418024439918534
"227","3093_ID","Macrophages","3",0,0.333333333333333,0,0.666666666666667
"228","3093_ID","Leptotene","3",0,0.202614379084967,0,0.797385620915033
"229","3093_ID","Leydig cells","3",0,0.113636363636364,0,0.886363636363636
"230","3093_ID","Meiotic divisions","3",0.00172117039586919,0.947873125153676,0,0.0504057044504549
"231","3093_ID","Sertoli cells","3",0.00595238095238095,0.261904761904762,0,0.732142857142857
"232","3093_ID","Fibrotic peritubular myoid cells","3",0,0.139175257731959,0,0.860824742268041
"233","3093_ID","Pachytene","3",0.00100502512562814,0.912562814070352,0,0.0864321608040201
"234","3093_ID","Diff.spermatogonia/Preleptotene","3",0.00167224080267559,0.158862876254181,0,0.839464882943144
"235","3093_ID","Zygotene","3",0.00104058272632674,0.292403746097815,0,0.706555671175858
"236","3093_ID","Endothelial cells","3",0,0.148148148148148,0,0.851851851851852
"237","3093_ID","Early spermatids","3",0.0291563275434243,0.920595533498759,0.000620347394540943,0.0496277915632753
"238","3093_ID","Diplotene","3",0.000936768149882904,0.891334894613583,0.000468384074941452,0.107259953161593
"239","3093_ID","PMCs","3",0,0.223753976670201,0.00106044538706257,0.775185577942736
"240","3093_ID","Undifferentiated spermatogonia","3",0,0.180201082753287,0,0.819798917246713
"241","315_ID","Diff.spermatogonia/Preleptotene","3",0,0.0301003344481605,0,0.969899665551839
"242","315_ID","Late spermatids","3",0.00458248472505092,0.486761710794297,0.00203665987780041,0.506619144602851
"243","315_ID","Leydig cells","3",0,0.0227272727272727,0,0.977272727272727
"244","315_ID","Pachytene","3",0,0.0261306532663317,0,0.973869346733668
"245","315_ID","Early spermatids","3",0.00744416873449132,0.580645161290323,0.00186104218362283,0.410049627791563
"246","315_ID","Fibrotic peritubular myoid cells","3",0,0.0309278350515464,0,0.969072164948454
"247","315_ID","Meiotic divisions","3",0,0.123924268502582,0.00073764445537251,0.875338087042046
"248","315_ID","Diplotene","3",0,0.0365339578454333,0.000936768149882904,0.962529274004684
"249","315_ID","Macrophages","3",0,0.0555555555555556,0,0.944444444444444
"250","315_ID","Sertoli cells","3",0,0.0476190476190476,0,0.952380952380952
"251","315_ID","Endothelial cells","3",0,0.037037037037037,0,0.962962962962963
"252","315_ID","Zygotene","3",0,0.0447450572320499,0.00104058272632674,0.954214360041623
"253","315_ID","Leptotene","3",0,0.0196078431372549,0,0.980392156862745
"254","315_ID","PMCs","3",0,0.0699893955461294,0,0.930010604453871
"255","315_ID","Undifferentiated spermatogonia","3",0,0.0386697602474865,0,0.961330239752514
"256","3172_ID","Diff.spermatogonia/Preleptotene","3",0,0.0183946488294314,0,0.981605351170569
"257","3172_ID","PMCs","3",0,0.00742311770943796,0.00106044538706257,0.991516436903499
"258","3172_ID","Sertoli cells","3",0,0.00595238095238095,0,0.994047619047619
"259","3172_ID","Leydig cells","3",0,0,0,1
"260","3172_ID","Pachytene","3",0,0.0201005025125628,0,0.979899497487437
"261","3172_ID","Diplotene","3",0,0.00936768149882904,0,0.990632318501171
"262","3172_ID","Meiotic divisions","3",0,0.00934349643471847,0.00516351118760757,0.985492992377674
"263","3172_ID","Late spermatids","3",0,0.00967413441955193,0.00254582484725051,0.987780040733198
"264","3172_ID","Macrophages","3",0,0,0,1
"265","3172_ID","Fibrotic peritubular myoid cells","3",0,0.0103092783505155,0,0.989690721649485
"266","3172_ID","Undifferentiated spermatogonia","3",0,0.0232018561484919,0.000773395204949729,0.976024748646558
"267","3172_ID","Leptotene","3",0,0.0065359477124183,0,0.993464052287582
"268","3172_ID","Endothelial cells","3",0,0.0246913580246914,0,0.975308641975309
"269","3172_ID","Early spermatids","3",0,0.0148883374689826,0.00992555831265509,0.975186104218362
"270","3172_ID","Zygotene","3",0,0.00936524453694069,0,0.990634755463059
"271","3375_ID","Diff.spermatogonia/Preleptotene","3",0,0.0117056856187291,0,0.988294314381271
"272","3375_ID","PMCs","3",0,0.031813361611877,0.00424178154825027,0.963944856839873
"273","3375_ID","Leydig cells","3",0,0.0227272727272727,0,0.977272727272727
"274","3375_ID","Endothelial cells","3",0,0,0,1
"275","3375_ID","Fibrotic peritubular myoid cells","3",0,0.00515463917525773,0,0.994845360824742
"276","3375_ID","Sertoli cells","3",0,0.0238095238095238,0,0.976190476190476
"277","3375_ID","Undifferentiated spermatogonia","3",0,0.020108275328693,0.00309358081979892,0.976798143851508
"278","3375_ID","Zygotene","3",0,0.0104058272632674,0,0.989594172736733
"279","3375_ID","Leptotene","3",0,0.0130718954248366,0.00217864923747277,0.984749455337691
"280","3375_ID","Pachytene","3",0,0.00904522613065327,0.00402010050251256,0.986934673366834
"281","3375_ID","Meiotic divisions","3",0.0122940742562085,0.162281780181952,0.0437669043521023,0.781657241209737
"282","3375_ID","Early spermatids","3",0.00930521091811414,0.378411910669975,0.00806451612903226,0.604218362282878
"283","3375_ID","Late spermatids","3",0.0010183299389002,0.106924643584521,0.00254582484725051,0.889511201629328
"284","3375_ID","Diplotene","3",0,0.0192037470725995,0.00468384074941452,0.976112412177986
"285","3375_ID","Macrophages","3",0,0,0,1
"286","3470_ID","Leydig cells","3",0,0.0227272727272727,0,0.977272727272727
"287","3470_ID","Sertoli cells","3",0,0.113095238095238,0.00595238095238095,0.880952380952381
"288","3470_ID","Fibrotic peritubular myoid cells","3",0,0.0206185567010309,0,0.979381443298969
"289","3470_ID","Diff.spermatogonia/Preleptotene","3",0,0.0367892976588629,0.00334448160535117,0.959866220735786
"290","3470_ID","Macrophages","3",0,0,0,1
"291","3470_ID","Diplotene","3",0.00327868852459016,0.727868852459016,0,0.268852459016393
"292","3470_ID","Undifferentiated spermatogonia","3",0,0.0487238979118329,0.000773395204949729,0.950502706883217
"293","3470_ID","Endothelial cells","3",0,0.0740740740740741,0,0.925925925925926
"294","3470_ID","Zygotene","3",0,0.126951092611863,0.00208116545265349,0.870967741935484
"295","3470_ID","Pachytene","3",0,0.690452261306533,0,0.309547738693467
"296","3470_ID","Early spermatids","3",0.00496277915632754,0.112903225806452,0.0179900744416873,0.864143920595533
"297","3470_ID","Late spermatids","3",0.0010183299389002,0.0595723014256619,0.0183299389002037,0.921079429735234
"298","3470_ID","Leptotene","3",0,0.0217864923747277,0,0.978213507625272
"299","3470_ID","PMCs","3",0,0.0509013785790032,0,0.949098621420997
"300","3470_ID","Meiotic divisions","3",0.000983525940496681,0.313744775018441,0.00073764445537251,0.68453405458569
"301","3636_ID","Leptotene","3",0,0.0130718954248366,0.00435729847494553,0.982570806100218
"302","3636_ID","Endothelial cells","3",0,0.037037037037037,0,0.962962962962963
"303","3636_ID","Late spermatids","3",0.000509164969450102,0.0458248472505092,0.00152749490835031,0.95213849287169
"304","3636_ID","PMCs","3",0.00106044538706257,0.031813361611877,0.00424178154825027,0.96288441145281
"305","3636_ID","Undifferentiated spermatogonia","3",0,0.0255220417633411,0,0.974477958236659
"306","3636_ID","Diff.spermatogonia/Preleptotene","3",0,0.0183946488294314,0.00167224080267559,0.979933110367893
"307","3636_ID","Sertoli cells","3",0.00595238095238095,0.0595238095238095,0,0.93452380952381
"308","3636_ID","Pachytene","3",0,0.0231155778894472,0.00100502512562814,0.975879396984925
"309","3636_ID","Meiotic divisions","3",0.0238505040570445,0.384312761249078,0.0179493484140644,0.573887386279813
"310","3636_ID","Early spermatids","3",0.00744416873449132,0.301488833746898,0.0086848635235732,0.682382133995037
"311","3636_ID","Diplotene","3",0.00281030444964871,0.0894613583138173,0.00749414519906323,0.900234192037471
"312","3636_ID","Leydig cells","3",0,0.0454545454545455,0,0.954545454545455
"313","3636_ID","Zygotene","3",0.00104058272632674,0.0228928199791883,0.00104058272632674,0.975026014568158
"314","3636_ID","Macrophages","3",0,0,0,1
"315","3636_ID","Fibrotic peritubular myoid cells","3",0,0,0.00515463917525773,0.994845360824742
"316","3715_ID","Meiotic divisions","3",0.0024588148512417,0.0388492746496189,0.0295057782149004,0.929186132284239
"317","3715_ID","Early spermatids","3",0.00124069478908189,0.21712158808933,0.00806451612903226,0.773573200992556
"318","3715_ID","Undifferentiated spermatogonia","3",0.000773395204949729,0.0394431554524362,0.00154679040989946,0.958236658932715
"319","3715_ID","Macrophages","3",0,0,0,1
"320","3715_ID","Pachytene","3",0,0.0311557788944724,0.00100502512562814,0.9678391959799
"321","3715_ID","Sertoli cells","3",0,0.0357142857142857,0,0.964285714285714
"322","3715_ID","Diplotene","3",0,0.0173302107728337,0.000468384074941452,0.982201405152225
"323","3715_ID","Diff.spermatogonia/Preleptotene","3",0,0.0585284280936455,0,0.941471571906355
"324","3715_ID","Fibrotic peritubular myoid cells","3",0,0.0154639175257732,0,0.984536082474227
"325","3715_ID","Late spermatids","3",0,0.0610997963340122,0.00203665987780041,0.936863543788187
"326","3715_ID","Leydig cells","3",0,0,0,1
"327","3715_ID","Leptotene","3",0,0.0174291938997821,0.00435729847494553,0.978213507625272
"328","3715_ID","Zygotene","3",0,0.0416233090530697,0,0.95837669094693
"329","3715_ID","PMCs","3",0,0.0222693531283139,0.00424178154825027,0.973488865323436
"330","3715_ID","Endothelial cells","3",0,0.0123456790123457,0,0.987654320987654
"331","3768_ID","Fibrotic peritubular myoid cells","3",0,0,0.00515463917525773,0.994845360824742
"332","3768_ID","Late spermatids","3",0.00356415478615071,0.0534623217922607,0.0646639511201629,0.878309572301426
"333","3768_ID","Zygotene","3",0,0.0104058272632674,0.0135275754422477,0.976066597294485
"334","3768_ID","Diplotene","3",0,0.00749414519906323,0.0407494145199063,0.95175644028103
"335","3768_ID","Meiotic divisions","3",0.0122940742562085,0.0263093189082862,0.216621588394394,0.744775018441111
"336","3768_ID","Endothelial cells","3",0,0.037037037037037,0,0.962962962962963
"337","3768_ID","Early spermatids","3",0.021712158808933,0.0843672456575682,0.134615384615385,0.759305210918114
"338","3768_ID","Macrophages","3",0,0,0,1
"339","3768_ID","Sertoli cells","3",0,0.00595238095238095,0.00595238095238095,0.988095238095238
"340","3768_ID","Diff.spermatogonia/Preleptotene","3",0,0.0217391304347826,0.0133779264214047,0.964882943143813
"341","3768_ID","Leydig cells","3",0,0,0.0227272727272727,0.977272727272727
"342","3768_ID","Pachytene","3",0,0.0150753768844221,0.0100502512562814,0.974874371859296
"343","3768_ID","Leptotene","3",0,0.0108932461873638,0.00217864923747277,0.986928104575163
"344","3768_ID","Undifferentiated spermatogonia","3",0.00154679040989946,0.0487238979118329,0.0100541376643465,0.939675174013921
"345","3768_ID","PMCs","3",0.00106044538706257,0.00848356309650053,0.0159066808059385,0.974549310710498
"346","3945_ID","Endothelial cells","3",0,0.0617283950617284,0,0.938271604938272
"347","3945_ID","Pachytene","3",0,0.111557788944724,0,0.888442211055276
"348","3945_ID","Diplotene","3",0,0.231381733021077,0.00281030444964871,0.765807962529274
"349","3945_ID","Undifferentiated spermatogonia","3",0,0.020108275328693,0.00154679040989946,0.978344934261408
"350","3945_ID","PMCs","3",0,0.0212089077412513,0.00106044538706257,0.977730646871686
"351","3945_ID","Leptotene","3",0,0.0326797385620915,0.00217864923747277,0.965141612200436
"352","3945_ID","Sertoli cells","3",0,0.0297619047619048,0,0.970238095238095
"353","3945_ID","Macrophages","3",0,0,0,1
"354","3945_ID","Diff.spermatogonia/Preleptotene","3",0,0.0250836120401338,0,0.974916387959866
"355","3945_ID","Meiotic divisions","3",0.00196705188099336,0.159822965330711,0.00958937791984264,0.828620604868453
"356","3945_ID","Fibrotic peritubular myoid cells","3",0,0,0.00515463917525773,0.994845360824742
"357","3945_ID","Leydig cells","3",0,0,0,1
"358","3945_ID","Zygotene","3",0,0.0551508844953174,0,0.944849115504683
"359","3945_ID","Early spermatids","3",0.00186104218362283,0.137096774193548,0.0173697270471464,0.843672456575682
"360","3945_ID","Late spermatids","3",0.0010183299389002,0.0524439918533605,0.0137474541751527,0.932790224032587
"361","4137_ID","Sertoli cells","3",0,0.0595238095238095,0,0.94047619047619
"362","4137_ID","Diff.spermatogonia/Preleptotene","3",0,0.0267558528428094,0.00167224080267559,0.971571906354515
"363","4137_ID","Leydig cells","3",0,0,0,1
"364","4137_ID","PMCs","3",0.00212089077412513,0.0689289501590668,0.00424178154825027,0.924708377518558
"365","4137_ID","Late spermatids","3",0.00610997963340122,0.344195519348269,0.00814663951120163,0.641547861507128
"366","4137_ID","Endothelial cells","3",0,0.0246913580246914,0,0.975308641975309
"367","4137_ID","Pachytene","3",0,0.00904522613065327,0.00201005025125628,0.98894472361809
"368","4137_ID","Early spermatids","3",0.0229528535980149,0.79590570719603,0.00806451612903226,0.173076923076923
"369","4137_ID","Undifferentiated spermatogonia","3",0,0.0734725444702243,0.00309358081979892,0.923433874709977
"370","4137_ID","Macrophages","3",0,0,0,1
"371","4137_ID","Leptotene","3",0.00217864923747277,0.0305010893246187,0,0.967320261437909
"372","4137_ID","Fibrotic peritubular myoid cells","3",0,0.0360824742268041,0.00515463917525773,0.958762886597938
"373","4137_ID","Meiotic divisions","3",0.00295057782149004,0.44160314728301,0.00270469633636587,0.552741578559135
"374","4137_ID","Diplotene","3",0,0.0252927400468384,0.00140515222482436,0.973302107728337
"375","4137_ID","Zygotene","3",0,0.0291363163371488,0,0.970863683662851
"376","4138_ID","Leptotene","3",0.00217864923747277,0.0261437908496732,0,0.971677559912854
"377","4138_ID","Meiotic divisions","3",0.00172117039586919,0.157364150479469,0.00393410376198672,0.836980575362675
"378","4138_ID","Zygotene","3",0,0.0176899063475546,0,0.982310093652445
"379","4138_ID","Late spermatids","3",0.00560081466395112,0.169551934826884,0.00865580448065173,0.816191446028513
"380","4138_ID","Fibrotic peritubular myoid cells","3",0,0,0.00515463917525773,0.994845360824742
"381","4138_ID","PMCs","3",0.00424178154825027,0.0413573700954401,0.00212089077412513,0.952279957582185
"382","4138_ID","Diff.spermatogonia/Preleptotene","3",0,0.0150501672240803,0.00167224080267559,0.983277591973244
"383","4138_ID","Leydig cells","3",0,0,0,1
"384","4138_ID","Pachytene","3",0,0.0110552763819095,0.00201005025125628,0.986934673366834
"385","4138_ID","Early spermatids","3",0.0223325062034739,0.514888337468983,0.0086848635235732,0.45409429280397
"386","4138_ID","Endothelial cells","3",0,0.0246913580246914,0,0.975308641975309
"387","4138_ID","Macrophages","3",0,0.0555555555555556,0,0.944444444444444
"388","4138_ID","Undifferentiated spermatogonia","3",0.000773395204949729,0.0348027842227378,0.00232018561484919,0.962103634957463
"389","4138_ID","Diplotene","3",0,0.0126463700234192,0.00140515222482436,0.985948477751756
"390","4138_ID","Sertoli cells","3",0,0.0297619047619048,0,0.970238095238095
"391","4139_ID","Macrophages","3",0,0,0,1
"392","4139_ID","Endothelial cells","3",0,0.0246913580246914,0,0.975308641975309
"393","4139_ID","Leydig cells","3",0,0,0,1
"394","4139_ID","Fibrotic peritubular myoid cells","3",0,0.0360824742268041,0,0.963917525773196
"395","4139_ID","Diplotene","3",0,0.0252927400468384,0.00281030444964871,0.971896955503513
"396","4139_ID","Late spermatids","3",0.0224032586558045,0.327902240325866,0.0290224032586558,0.620672097759674
"397","4139_ID","PMCs","3",0.00212089077412513,0.0689289501590668,0.0031813361611877,0.92576882290562
"398","4139_ID","Sertoli cells","3",0,0.0595238095238095,0.00595238095238095,0.93452380952381
"399","4139_ID","Leptotene","3",0,0.0326797385620915,0.00435729847494553,0.962962962962963
"400","4139_ID","Early spermatids","3",0.0564516129032258,0.762406947890819,0.00372208436724566,0.17741935483871
"401","4139_ID","Undifferentiated spermatogonia","3",0,0.0734725444702243,0.00618716163959783,0.920340293890178
"402","4139_ID","Pachytene","3",0,0.00904522613065327,0.00301507537688442,0.987939698492462
"403","4139_ID","Zygotene","3",0.00104058272632674,0.0280957336108221,0.00520291363163371,0.965660770031218
"404","4139_ID","Diff.spermatogonia/Preleptotene","3",0,0.0267558528428094,0.00167224080267559,0.971571906354515
"405","4139_ID","Meiotic divisions","3",0.013031718711581,0.431522006392919,0.00688468158347676,0.548561593312024
"406","4140_ID","Meiotic divisions","3",0.0073764445537251,0.199655765920826,0.0125399557413327,0.780427833784116
"407","4140_ID","Leptotene","3",0,0.0392156862745098,0.00435729847494553,0.956427015250545
"408","4140_ID","Pachytene","3",0.00100502512562814,0.0361809045226131,0.00201005025125628,0.960804020100502
"409","4140_ID","Diff.spermatogonia/Preleptotene","3",0,0.0384615384615385,0.00167224080267559,0.959866220735786
"410","4140_ID","Diplotene","3",0.000468384074941452,0.0281030444964871,0.00234192037470726,0.969086651053864
"411","4140_ID","Late spermatids","3",0.0193482688391039,0.236252545824847,0.0320773930753564,0.712321792260692
"412","4140_ID","Sertoli cells","3",0,0.0178571428571429,0.00595238095238095,0.976190476190476
"413","4140_ID","Leydig cells","3",0,0,0,1
"414","4140_ID","Zygotene","3",0.00104058272632674,0.0343392299687825,0.00520291363163371,0.959417273673257
"415","4140_ID","Early spermatids","3",0.0403225806451613,0.449131513647643,0.0198511166253102,0.490694789081886
"416","4140_ID","Endothelial cells","3",0,0.0246913580246914,0,0.975308641975309
"417","4140_ID","PMCs","3",0.00106044538706257,0.0509013785790032,0.00424178154825027,0.943796394485684
"418","4140_ID","Undifferentiated spermatogonia","3",0.00154679040989946,0.0525908739365816,0.00464037122969838,0.941221964423821
"419","4140_ID","Fibrotic peritubular myoid cells","3",0,0.0154639175257732,0,0.984536082474227
"420","4140_ID","Macrophages","3",0,0,0,1
"421","4717_ID","Endothelial cells","3",0,0.0123456790123457,0,0.987654320987654
"422","4717_ID","Late spermatids","3",0.00967413441955193,0.176680244399185,0.0132382892057026,0.80040733197556
"423","4717_ID","Fibrotic peritubular myoid cells","3",0,0.00515463917525773,0,0.994845360824742
"424","4717_ID","Macrophages","3",0,0,0,1
"425","4717_ID","Diff.spermatogonia/Preleptotene","3",0,0.00501672240802676,0.00167224080267559,0.993311036789298
"426","4717_ID","Sertoli cells","3",0,0.0119047619047619,0,0.988095238095238
"427","4717_ID","Leptotene","3",0,0,0,1
"428","4717_ID","Pachytene","3",0,0.0120603015075377,0.00201005025125628,0.985929648241206
"429","4717_ID","Diplotene","3",0,0.00889929742388759,0.00140515222482436,0.989695550351288
"430","4717_ID","Meiotic divisions","3",0,0.0157364150479469,0.00147528891074502,0.982788296041308
"431","4717_ID","PMCs","3",0,0.0116648992576882,0,0.988335100742312
"432","4717_ID","Early spermatids","3",0.0161290322580645,0.173076923076923,0.0285359801488834,0.782258064516129
"433","4717_ID","Leydig cells","3",0,0,0,1
"434","4717_ID","Undifferentiated spermatogonia","3",0.000773395204949729,0.0108275328692962,0.000773395204949729,0.987625676720804
"435","4717_ID","Zygotene","3",0,0.0124869927159209,0.00104058272632674,0.986472424557752
"436","4888_ID","Diplotene","3",0,0.00187353629976581,0.0482435597189696,0.949882903981265
"437","4888_ID","Pachytene","3",0,0.00201005025125628,0.0241206030150754,0.973869346733668
"438","4888_ID","Diff.spermatogonia/Preleptotene","3",0,0.00334448160535117,0.0183946488294314,0.978260869565217
"439","4888_ID","Fibrotic peritubular myoid cells","3",0.00515463917525773,0.422680412371134,0.00515463917525773,0.56701030927835
"440","4888_ID","Late spermatids","3",0.00203665987780041,0.00560081466395112,0.120162932790224,0.872199592668024
"441","4888_ID","Macrophages","3",0,0,0,1
"442","4888_ID","PMCs","3",0.0127253446447508,0.471898197242842,0.0477200424178155,0.467656415694592
"443","4888_ID","Endothelial cells","3",0.0123456790123457,0.358024691358025,0.0246913580246914,0.604938271604938
"444","4888_ID","Leydig cells","3",0,0,0.0454545454545455,0.954545454545455
"445","4888_ID","Meiotic divisions","3",0,0.00147528891074502,0.38209982788296,0.616424883206295
"446","4888_ID","Undifferentiated spermatogonia","3",0,0.000773395204949729,0.0247486465583913,0.974477958236659
"447","4888_ID","Sertoli cells","3",0,0,0.0297619047619048,0.970238095238095
"448","4888_ID","Zygotene","3",0,0.00416233090530697,0.0228928199791883,0.972944849115505
"449","4888_ID","Leptotene","3",0,0,0.0130718954248366,0.986928104575163
"450","4888_ID","Early spermatids","3",0.00372208436724566,0.00372208436724566,0.46029776674938,0.532258064516129
"451","5160_ID","Meiotic divisions","3",0.00295057782149004,0.710351610523728,0.00073764445537251,0.28596016719941
"452","5160_ID","Early spermatids","3",0.00744416873449132,0.988833746898263,0,0.00372208436724575
"453","5160_ID","Leptotene","3",0,0.32244008714597,0,0.67755991285403
"454","5160_ID","Zygotene","3",0,0.202913631633715,0,0.797086368366285
"455","5160_ID","Sertoli cells","3",0.00595238095238095,0.363095238095238,0,0.630952380952381
"456","5160_ID","Fibrotic peritubular myoid cells","3",0,0.360824742268041,0,0.639175257731959
"457","5160_ID","Endothelial cells","3",0,0.209876543209877,0,0.790123456790123
"458","5160_ID","PMCs","3",0.00212089077412513,0.406150583244963,0,0.591728525980912
"459","5160_ID","Pachytene","3",0,0.0442211055276382,0.00100502512562814,0.954773869346734
"460","5160_ID","Diplotene","3",0,0.0679156908665105,0,0.932084309133489
"461","5160_ID","Late spermatids","3",0.0010183299389002,0.985743380855397,0,0.0132382892057027
"462","5160_ID","Leydig cells","3",0,0.136363636363636,0,0.863636363636364
"463","5160_ID","Macrophages","3",0,0.277777777777778,0,0.722222222222222
"464","5160_ID","Diff.spermatogonia/Preleptotene","3",0,0.173913043478261,0,0.826086956521739
"465","5160_ID","Undifferentiated spermatogonia","3",0.00154679040989946,0.180201082753287,0.00618716163959783,0.812064965197216
"466","518_ID","Zygotene","3",0,0.00312174817898023,0.0135275754422477,0.983350676378772
"467","518_ID","Diplotene","3",0.000936768149882904,0.00515222482435597,0.0515222482435597,0.942388758782201
"468","518_ID","Fibrotic peritubular myoid cells","3",0,0,0.0206185567010309,0.979381443298969
"469","518_ID","Diff.spermatogonia/Preleptotene","3",0,0,0.0117056856187291,0.988294314381271
"470","518_ID","Macrophages","3",0,0,0,1
"471","518_ID","Endothelial cells","3",0,0,0,1
"472","518_ID","Late spermatids","3",0.00152749490835031,0.00152749490835031,0.229633401221996,0.767311608961303
"473","518_ID","Sertoli cells","3",0,0,0.0238095238095238,0.976190476190476
"474","518_ID","Pachytene","3",0.00201005025125628,0.014070351758794,0.0351758793969849,0.948743718592965
"475","518_ID","Leptotene","3",0,0,0.0065359477124183,0.993464052287582
"476","518_ID","Leydig cells","3",0,0,0.0227272727272727,0.977272727272727
"477","518_ID","Meiotic divisions","3",0.00147528891074502,0.00442586673223506,0.0877796901893287,0.906319154167691
"478","518_ID","Undifferentiated spermatogonia","3",0,0,0.02861562258314,0.97138437741686
"479","518_ID","PMCs","3",0,0,0.0328738069989396,0.96712619300106
"480","518_ID","Early spermatids","3",0.0043424317617866,0.00186104218362283,0.421836228287841,0.571960297766749
"481","5227_ID","Diff.spermatogonia/Preleptotene","3",0,0.0518394648829431,0.00668896321070234,0.941471571906355
"482","5227_ID","Macrophages","3",0,0.0555555555555556,0,0.944444444444444
"483","5227_ID","PMCs","3",0.0127253446447508,0.125132555673383,0.00848356309650053,0.853658536585366
"484","5227_ID","Leydig cells","3",0,0.0681818181818182,0,0.931818181818182
"485","5227_ID","Pachytene","3",0.00201005025125628,0.0562814070351759,0.0100502512562814,0.931658291457286
"486","5227_ID","Meiotic divisions","3",0.0880255716744529,0.509466437177281,0.0413080895008606,0.361199901647406
"487","5227_ID","Late spermatids","3",0.0514256619144603,0.605906313645621,0.0157841140529532,0.326883910386965
"488","5227_ID","Fibrotic peritubular myoid cells","3",0,0.11340206185567,0,0.88659793814433
"489","5227_ID","Zygotene","3",0.00312174817898023,0.0634755463059313,0.00832466181061394,0.925078043704475
"490","5227_ID","Diplotene","3",0.00608899297423888,0.245433255269321,0.0112412177985948,0.737236533957845
"491","5227_ID","Endothelial cells","3",0.0123456790123457,0.0864197530864197,0,0.901234567901235
"492","5227_ID","Leptotene","3",0.00217864923747277,0.104575163398693,0.0108932461873638,0.882352941176471
"493","5227_ID","Early spermatids","3",0.207196029776675,0.733250620347395,0.00992555831265509,0.0496277915632755
"494","5227_ID","Undifferentiated spermatogonia","3",0.00541376643464811,0.0549110595514308,0.00928074245939675,0.930394431554524
"495","5227_ID","Sertoli cells","3",0,0.0416666666666667,0.0119047619047619,0.946428571428571
"496","5228_ID","Diff.spermatogonia/Preleptotene","3",0,0.0334448160535117,0.00668896321070234,0.959866220735786
"497","5228_ID","Fibrotic peritubular myoid cells","3",0,0.0154639175257732,0,0.984536082474227
"498","5228_ID","Endothelial cells","3",0,0.0246913580246914,0.0123456790123457,0.962962962962963
"499","5228_ID","Diplotene","3",0.00187353629976581,0.0932084309133489,0.0154566744730679,0.889461358313817
"500","5228_ID","PMCs","3",0.0031813361611877,0.0477200424178155,0.0180275715800636,0.931071049840933
"501","5228_ID","Pachytene","3",0.00100502512562814,0.0150753768844221,0.0110552763819095,0.97286432160804
"502","5228_ID","Sertoli cells","3",0,0.125,0.0119047619047619,0.863095238095238
"503","5228_ID","Leydig cells","3",0,0.0227272727272727,0,0.977272727272727
"504","5228_ID","Early spermatids","3",0.101736972704715,0.377791563275434,0.115384615384615,0.405086848635236
"505","5228_ID","Late spermatids","3",0.0244399185336049,0.372708757637475,0.0427698574338086,0.560081466395112
"506","5228_ID","Undifferentiated spermatogonia","3",0.00232018561484919,0.0293890177880897,0.0123743232791957,0.955916473317865
"507","5228_ID","Macrophages","3",0,0,0,1
"508","5228_ID","Leptotene","3",0.00217864923747277,0.0239651416122004,0.0108932461873638,0.962962962962963
"509","5228_ID","Meiotic divisions","3",0.0327022375215146,0.248340299975412,0.0966314236537989,0.622326038849275
"510","5228_ID","Zygotene","3",0.00104058272632674,0.0208116545265349,0.0104058272632674,0.967741935483871
"511","5488_ID","Zygotene","3",0.00208116545265349,0.0437044745057232,0.0176899063475546,0.936524453694069
"512","5488_ID","Diff.spermatogonia/Preleptotene","3",0,0.0869565217391304,0.00501672240802676,0.908026755852843
"513","5488_ID","Fibrotic peritubular myoid cells","3",0,0.0103092783505155,0,0.989690721649485
"514","5488_ID","Macrophages","3",0,0,0,1
"515","5488_ID","Leptotene","3",0,0.0326797385620915,0.00217864923747277,0.965141612200436
"516","5488_ID","Undifferentiated spermatogonia","3",0,0.126836813611756,0,0.873163186388244
"517","5488_ID","Early spermatids","3",0.0043424317617866,0.126550868486352,0.0167493796526055,0.852357320099256
"518","5488_ID","Diplotene","3",0.000936768149882904,0.151288056206089,0.00608899297423888,0.841686182669789
"519","5488_ID","Endothelial cells","3",0,0.0123456790123457,0.0123456790123457,0.975308641975309
"520","5488_ID","Late spermatids","3",0,0.0274949083503055,0.00560081466395112,0.966904276985743
"521","5488_ID","PMCs","3",0,0.0530222693531283,0.00424178154825027,0.942735949098621
"522","5488_ID","Meiotic divisions","3",0.011556429800836,0.268748463240718,0.014507007622326,0.70518809933612
"523","5488_ID","Pachytene","3",0.00301507537688442,0.0683417085427136,0.00904522613065327,0.919597989949749
"524","5488_ID","Sertoli cells","3",0,0.0476190476190476,0,0.952380952380952
"525","5488_ID","Leydig cells","3",0,0.0227272727272727,0,0.977272727272727
"526","5701_ID","PMCs","3",0.00106044538706257,0.174973488865323,0,0.823966065747614
"527","5701_ID","Late spermatids","3",0,0.107942973523422,0,0.892057026476578
"528","5701_ID","Undifferentiated spermatogonia","3",0,0.137664346481052,0,0.862335653518948
"529","5701_ID","Diplotene","3",0.00655737704918033,0.991100702576112,0,0.00234192037470726
"530","5701_ID","Pachytene","3",0.0120603015075377,0.984924623115578,0,0.00301507537688439
"531","5701_ID","Fibrotic peritubular myoid cells","3",0,0.216494845360825,0,0.783505154639175
"532","5701_ID","Endothelial cells","3",0,0.185185185185185,0,0.814814814814815
"533","5701_ID","Early spermatids","3",0,0.320099255583127,0,0.679900744416873
"534","5701_ID","Zygotene","3",0.00416233090530697,0.634755463059313,0,0.36108220603538
"535","5701_ID","Sertoli cells","3",0,0.345238095238095,0.00595238095238095,0.648809523809524
"536","5701_ID","Meiotic divisions","3",0.00196705188099336,0.807228915662651,0,0.190804032456356
"537","5701_ID","Leptotene","3",0,0.202614379084967,0.00435729847494553,0.793028322440087
"538","5701_ID","Diff.spermatogonia/Preleptotene","3",0,0.118729096989967,0,0.881270903010033
"539","5701_ID","Macrophages","3",0,0.277777777777778,0,0.722222222222222
"540","5701_ID","Leydig cells","3",0,0.113636363636364,0,0.886363636363636
"541","5861_ID","Zygotene","3",0,0.0239334027055151,0.00208116545265349,0.973985431841831
"542","5861_ID","Pachytene","3",0,0.0221105527638191,0.00603015075376884,0.971859296482412
"543","5861_ID","Early spermatids","3",0.0124069478908189,0.513647642679901,0.00806451612903226,0.465880893300248
"544","5861_ID","Diff.spermatogonia/Preleptotene","3",0,0.0183946488294314,0,0.981605351170569
"545","5861_ID","Leptotene","3",0,0.0108932461873638,0,0.989106753812636
"546","5861_ID","Endothelial cells","3",0,0.037037037037037,0,0.962962962962963
"547","5861_ID","Meiotic divisions","3",0,0.0585197934595525,0.00639291861322842,0.935087287927219
"548","5861_ID","Fibrotic peritubular myoid cells","3",0,0.0154639175257732,0,0.984536082474227
"549","5861_ID","Undifferentiated spermatogonia","3",0,0.0185614849187935,0,0.981438515081206
"550","5861_ID","Macrophages","3",0,0.0555555555555556,0,0.944444444444444
"551","5861_ID","Leydig cells","3",0,0.0227272727272727,0,0.977272727272727
"552","5861_ID","PMCs","3",0,0.0286320254506893,0,0.971367974549311
"553","5861_ID","Sertoli cells","3",0,0.0238095238095238,0,0.976190476190476
"554","5861_ID","Late spermatids","3",0.0010183299389002,0.105397148676171,0.00610997963340122,0.887474541751528
"555","5861_ID","Diplotene","3",0,0.0257611241217799,0.00140515222482436,0.972833723653396
"556","5869_ID","Macrophages","3",0,0,0,1
"557","5869_ID","Zygotene","3",0.00208116545265349,0.00312174817898023,0.0156087408949011,0.979188345473465
"558","5869_ID","Meiotic divisions","3",0.00393410376198672,0.0196705188099336,0.0754856159331202,0.900909761494959
"559","5869_ID","Early spermatids","3",0.000620347394540943,0.0142679900744417,0.021712158808933,0.963399503722084
"560","5869_ID","Undifferentiated spermatogonia","3",0.00154679040989946,0.00386697602474865,0.0154679040989946,0.979118329466357
"561","5869_ID","Endothelial cells","3",0,0,0,1
"562","5869_ID","Diff.spermatogonia/Preleptotene","3",0,0.00167224080267559,0.00334448160535117,0.994983277591973
"563","5869_ID","Diplotene","3",0.0426229508196721,0.0501170960187354,0.274004683840749,0.633255269320843
"564","5869_ID","Leydig cells","3",0,0,0.0454545454545455,0.954545454545455
"565","5869_ID","Late spermatids","3",0,0.00509164969450102,0.00712830957230143,0.987780040733198
"566","5869_ID","PMCs","3",0.00106044538706257,0.00424178154825027,0.0116648992576882,0.983032873806999
"567","5869_ID","Fibrotic peritubular myoid cells","3",0,0,0,1
"568","5869_ID","Leptotene","3",0,0.00217864923747277,0.0065359477124183,0.991285403050109
"569","5869_ID","Pachytene","3",0.142713567839196,0.127638190954774,0.25929648241206,0.47035175879397
"570","5869_ID","Sertoli cells","3",0.00595238095238095,0.0297619047619048,0.0178571428571429,0.946428571428571
"571","5961_ID","Early spermatids","3",0,0.000620347394540943,0.000620347394540943,0.998759305210918
"572","5961_ID","Macrophages","3",0,0,0,1
"573","5961_ID","Meiotic divisions","3",0.00024588148512417,0.00049176297024834,0.00073764445537251,0.998524711089255
"574","5961_ID","Late spermatids","3",0,0.000509164969450102,0,0.99949083503055
"575","5961_ID","Diplotene","3",0.000468384074941452,0,0.00281030444964871,0.99672131147541
"576","5961_ID","PMCs","3",0,0.00106044538706257,0.00106044538706257,0.997879109225875
"577","5961_ID","Zygotene","3",0,0.0416233090530697,0,0.95837669094693
"578","5961_ID","Fibrotic peritubular myoid cells","3",0,0,0,1
"579","5961_ID","Undifferentiated spermatogonia","3",0,0.00773395204949729,0,0.992266047950503
"580","5961_ID","Leptotene","3",0,0.028322440087146,0,0.971677559912854
"581","5961_ID","Pachytene","3",0.00100502512562814,0.00100502512562814,0.0110552763819095,0.986934673366834
"582","5961_ID","Diff.spermatogonia/Preleptotene","3",0,0.0267558528428094,0.00167224080267559,0.971571906354515
"583","5961_ID","Leydig cells","3",0,0,0,1
"584","5961_ID","Endothelial cells","3",0,0,0,1
"585","5961_ID","Sertoli cells","3",0,0.00595238095238095,0,0.994047619047619
"586","6722_ID","Zygotene","3",0.00312174817898023,0.00936524453694069,0.0332986472424558,0.954214360041623
"587","6722_ID","Macrophages","3",0,0,0,1
"588","6722_ID","PMCs","3",0.00424178154825027,0.00742311770943796,0.0466595970307529,0.941675503711559
"589","6722_ID","Late spermatids","3",0.132382892057026,0.0539714867617108,0.373727087576375,0.439918533604888
"590","6722_ID","Undifferentiated spermatogonia","3",0.00232018561484919,0.00928074245939675,0.0464037122969838,0.94199535962877
"591","6722_ID","Fibrotic peritubular myoid cells","3",0,0.00515463917525773,0.0257731958762887,0.969072164948454
"592","6722_ID","Early spermatids","3",0.154466501240695,0.0347394540942928,0.505583126550868,0.305210918114144
"593","6722_ID","Pachytene","3",0,0.0120603015075377,0.0371859296482412,0.950753768844221
"594","6722_ID","Sertoli cells","3",0,0.0119047619047619,0.0654761904761905,0.922619047619048
"595","6722_ID","Diplotene","3",0,0.00889929742388759,0.0332552693208431,0.957845433255269
"596","6722_ID","Meiotic divisions","3",0.00196705188099336,0.0137693631669535,0.0604868453405459,0.923776739611507
"597","6722_ID","Endothelial cells","3",0,0.0123456790123457,0.0617283950617284,0.925925925925926
"598","6722_ID","Leydig cells","3",0,0,0.0227272727272727,0.977272727272727
"599","6722_ID","Leptotene","3",0,0,0.0261437908496732,0.973856209150327
"600","6722_ID","Diff.spermatogonia/Preleptotene","3",0.00167224080267559,0.00334448160535117,0.040133779264214,0.954849498327759
"601","6724_ID","Diff.spermatogonia/Preleptotene","3",0.112040133779264,0.0602006688963211,0.593645484949833,0.234113712374582
"602","6724_ID","Diplotene","3",0,0,0.000468384074941452,0.999531615925059
"603","6724_ID","Early spermatids","3",0,0,0.000620347394540943,0.999379652605459
"604","6724_ID","Meiotic divisions","3",0,0,0.000983525940496681,0.999016474059503
"605","6724_ID","Macrophages","3",0,0,0,1
"606","6724_ID","Leydig cells","3",0,0,0,1
"607","6724_ID","Zygotene","3",0.00312174817898023,0.0197710718002081,0.0249739854318418,0.95213319458897
"608","6724_ID","Fibrotic peritubular myoid cells","3",0,0,0.00515463917525773,0.994845360824742
"609","6724_ID","Leptotene","3",0.0522875816993464,0.176470588235294,0.213507625272331,0.557734204793028
"610","6724_ID","Undifferentiated spermatogonia","3",0.00464037122969838,0.00773395204949729,0.105955143078113,0.881670533642691
"611","6724_ID","Late spermatids","3",0,0,0.000509164969450102,0.99949083503055
"612","6724_ID","Pachytene","3",0,0,0.00301507537688442,0.996984924623116
"613","6724_ID","Sertoli cells","3",0.0238095238095238,0.0119047619047619,0.0654761904761905,0.898809523809524
"614","6724_ID","PMCs","3",0.00106044538706257,0,0.00212089077412513,0.996818663838812
"615","6724_ID","Endothelial cells","3",0,0,0,1
"616","7100_ID","Early spermatids","2",0.00124069478908189,0.0142679900744417,0.000620347394540943,0.983870967741935
"617","7100_ID","Diff.spermatogonia/Preleptotene","2",0.941471571906355,0.0585284280936455,0,0
"618","7100_ID","Fibrotic peritubular myoid cells","2",0,0.0257731958762887,0,0.974226804123711
"619","7100_ID","Late spermatids","2",0.00407331975560081,0.0183299389002037,0.00152749490835031,0.976069246435845
"620","7100_ID","Leydig cells","2",0,0.0227272727272727,0,0.977272727272727
"621","7100_ID","Sertoli cells","2",0.0178571428571429,0.369047619047619,0,0.613095238095238
"622","7100_ID","Macrophages","2",0,0,0,1
"623","7100_ID","Pachytene","2",0.00402010050251256,0.04321608040201,0,0.952763819095477
"624","7100_ID","Meiotic divisions","2",0.0024588148512417,0.0472092451438407,0.00024588148512417,0.950086058519793
"625","7100_ID","PMCs","2",0.00212089077412513,0.0190880169671262,0.00212089077412513,0.976670201484624
"626","7100_ID","Endothelial cells","2",0,0.0493827160493827,0,0.950617283950617
"627","7100_ID","Leptotene","2",0.958605664488017,0.0392156862745098,0,0.0021786492374728
"628","7100_ID","Diplotene","2",0,0.0163934426229508,0,0.983606557377049
"629","7100_ID","Undifferentiated spermatogonia","2",0.808197989172467,0.17014694508894,0.0108275328692962,0.0108275328692963
"630","7100_ID","Zygotene","2",0.208116545265349,0.215400624349636,0.0166493236212279,0.559833506763788
"631","7271_ID","Early spermatids","3",0,0.0043424317617866,0,0.995657568238213
"632","7271_ID","Endothelial cells","3",0,0,0,1
"633","7271_ID","Pachytene","3",0,0.0050251256281407,0.00201005025125628,0.992964824120603
"634","7271_ID","Leydig cells","3",0,0.0227272727272727,0,0.977272727272727
"635","7271_ID","Sertoli cells","3",0,0.0178571428571429,0,0.982142857142857
"636","7271_ID","Late spermatids","3",0,0.00203665987780041,0,0.9979633401222
"637","7271_ID","Macrophages","3",0,0,0,1
"638","7271_ID","Diff.spermatogonia/Preleptotene","3",0,0.0217391304347826,0,0.978260869565217
"639","7271_ID","PMCs","3",0,0.0551431601272534,0.00212089077412513,0.942735949098621
"640","7271_ID","Meiotic divisions","3",0,0.0024588148512417,0.00049176297024834,0.99704942217851
"641","7271_ID","Undifferentiated spermatogonia","3",0,0.00232018561484919,0.00618716163959783,0.991492652745553
"642","7271_ID","Diplotene","3",0,0.00140515222482436,0,0.998594847775176
"643","7271_ID","Zygotene","3",0.00520291363163371,0.237252861602497,0.00416233090530697,0.753381893860562
"644","7271_ID","Fibrotic peritubular myoid cells","3",0,0.0721649484536082,0.00515463917525773,0.922680412371134
"645","7271_ID","Leptotene","3",0,0.0762527233115468,0,0.923747276688453
"646","7278_ID","Late spermatids","3",0,0.00203665987780041,0.000509164969450102,0.997454175152749
"647","7278_ID","Diplotene","3",0,0.00140515222482436,0.000468384074941452,0.998126463700234
"648","7278_ID","Endothelial cells","3",0,0,0,1
"649","7278_ID","Meiotic divisions","3",0.00024588148512417,0.00221293336611753,0.00073764445537251,0.996803540693386
"650","7278_ID","Pachytene","3",0,0.0050251256281407,0.00100502512562814,0.993969849246231
"651","7278_ID","Fibrotic peritubular myoid cells","3",0,0.0721649484536082,0.0360824742268041,0.891752577319588
"652","7278_ID","Zygotene","3",0.0572320499479709,0.18522372528616,0.032258064516129,0.72528616024974
"653","7278_ID","Undifferentiated spermatogonia","3",0,0.00232018561484919,0.00618716163959783,0.991492652745553
"654","7278_ID","Macrophages","3",0,0,0.0555555555555556,0.944444444444444
"655","7278_ID","Diff.spermatogonia/Preleptotene","3",0.00167224080267559,0.020066889632107,0.00668896321070234,0.971571906354515
"656","7278_ID","Leydig cells","3",0,0.0227272727272727,0,0.977272727272727
"657","7278_ID","Sertoli cells","3",0,0.0178571428571429,0.00595238095238095,0.976190476190476
"658","7278_ID","PMCs","3",0.00106044538706257,0.0540827147401909,0.0159066808059385,0.928950159066808
"659","7278_ID","Leptotene","3",0.00435729847494553,0.0718954248366013,0.0065359477124183,0.917211328976035
"660","7278_ID","Early spermatids","3",0,0.0043424317617866,0.000620347394540943,0.995037220843672
"661","7280_ID","Meiotic divisions","3",0.00049176297024834,0.00196705188099336,0.00688468158347676,0.990656503565282
"662","7280_ID","Leydig cells","3",0,0.0227272727272727,0,0.977272727272727
"663","7280_ID","Diff.spermatogonia/Preleptotene","3",0.00334448160535117,0.0183946488294314,0.068561872909699,0.909698996655518
"664","7280_ID","Pachytene","3",0,0.0050251256281407,0.0050251256281407,0.989949748743719
"665","7280_ID","Leptotene","3",0.00435729847494553,0.0718954248366013,0.0588235294117647,0.864923747276688
"666","7280_ID","Macrophages","3",0,0,0,1
"667","7280_ID","Diplotene","3",0,0.00140515222482436,0.00281030444964871,0.995784543325527
"668","7280_ID","Early spermatids","3",0,0.0043424317617866,0.0086848635235732,0.98697270471464
"669","7280_ID","Sertoli cells","3",0.00595238095238095,0.0119047619047619,0.0238095238095238,0.958333333333333
"670","7280_ID","Fibrotic peritubular myoid cells","3",0.00515463917525773,0.0670103092783505,0.0309278350515464,0.896907216494845
"671","7280_ID","Zygotene","3",0.0561914672216441,0.186264308012487,0.0520291363163371,0.705515088449532
"672","7280_ID","Undifferentiated spermatogonia","3",0,0.00232018561484919,0.202629543696829,0.795050270688322
"673","7280_ID","PMCs","3",0.00424178154825027,0.0509013785790032,0.0296924708377519,0.915164369034995
"674","7280_ID","Endothelial cells","3",0,0,0,1
"675","7280_ID","Late spermatids","3",0.000509164969450102,0.00152749490835031,0.00661914460285132,0.991344195519348
"676","7284_ID","Diff.spermatogonia/Preleptotene","3",0.00167224080267559,0.0267558528428094,0.00167224080267559,0.969899665551839
"677","7284_ID","Diplotene","3",0,0.00234192037470726,0,0.997658079625293
"678","7284_ID","Fibrotic peritubular myoid cells","3",0,0.0206185567010309,0.0876288659793814,0.891752577319588
"679","7284_ID","Zygotene","3",0.00104058272632674,0.0124869927159209,0.00832466181061394,0.978147762747138
"680","7284_ID","Pachytene","3",0.00100502512562814,0.00301507537688442,0.00301507537688442,0.992964824120603
"681","7284_ID","Late spermatids","3",0,0.0127291242362525,0.00152749490835031,0.985743380855397
"682","7284_ID","PMCs","3",0.00106044538706257,0.0159066808059385,0.0572640509013786,0.92576882290562
"683","7284_ID","Leydig cells","3",0,0.0227272727272727,0.0227272727272727,0.954545454545455
"684","7284_ID","Leptotene","3",0,0.0130718954248366,0.0174291938997821,0.969498910675381
"685","7284_ID","Macrophages","3",0,0,0,1
"686","7284_ID","Endothelial cells","3",0.0246913580246914,0.0123456790123457,0.308641975308642,0.654320987654321
"687","7284_ID","Early spermatids","3",0,0.0136476426799007,0.00186104218362283,0.984491315136476
"688","7284_ID","Sertoli cells","3",0,0.0297619047619048,0.0297619047619048,0.94047619047619
"689","7284_ID","Meiotic divisions","3",0,0.00221293336611753,0.00073764445537251,0.99704942217851
"690","7284_ID","Undifferentiated spermatogonia","3",0.000773395204949729,0.0239752513534416,0.00464037122969838,0.97061098221191
"691","7342_ID","Endothelial cells","1",0.0123456790123457,0.037037037037037,0,0.950617283950617
"692","7342_ID","Sertoli cells","1",0.0119047619047619,0.101190476190476,0.0595238095238095,0.827380952380952
"693","7342_ID","Early spermatids","1",0.749379652605459,0.165632754342432,0.0707196029776675,0.0142679900744418
"694","7342_ID","Meiotic divisions","1",0.467912466191296,0.11261372018687,0.284730759773789,0.134743053848045
"695","7342_ID","Leptotene","1",0.0065359477124183,0.0501089324618736,0.028322440087146,0.915032679738562
"696","7342_ID","Leydig cells","1",0.0227272727272727,0.0454545454545455,0.0681818181818182,0.863636363636364
"697","7342_ID","Macrophages","1",0,0,0.166666666666667,0.833333333333333
"698","7342_ID","Diff.spermatogonia/Preleptotene","1",0.0100334448160535,0.117056856187291,0.0267558528428094,0.846153846153846
"699","7342_ID","Diplotene","1",0.0224824355971897,0.227634660421546,0.0384074941451991,0.711475409836066
"700","7342_ID","Undifferentiated spermatogonia","1",0.0146945088940449,0.094354215003867,0.037122969837587,0.853828306264501
"701","7342_ID","Pachytene","1",0.00402010050251256,0.105527638190955,0.0160804020100503,0.874371859296482
"702","7342_ID","PMCs","1",0.0445387062566278,0.0668080593849417,0.0699893955461294,0.818663838812301
"703","7342_ID","Fibrotic peritubular myoid cells","1",0.00515463917525773,0.0567010309278351,0.0206185567010309,0.917525773195876
"704","7342_ID","Zygotene","1",0.0114464099895942,0.0915712799167534,0.0353798126951093,0.861602497398543
"705","7342_ID","Late spermatids","1",0.317209775967413,0.35030549898167,0.176171079429735,0.156313645621181
"706","7364_ID","Undifferentiated spermatogonia","3",0.00309358081979892,0.00232018561484919,0.129156999226605,0.865429234338747
"707","7364_ID","Early spermatids","3",0.076302729528536,0.000620347394540943,0.889578163771712,0.033498759305211
"708","7364_ID","Leydig cells","3",0,0,0.0681818181818182,0.931818181818182
"709","7364_ID","Meiotic divisions","3",0.0226210966314237,0.00196705188099336,0.809195967543644,0.166215883943939
"710","7364_ID","Late spermatids","3",0.0422606924643585,0.0010183299389002,0.880346232179226,0.0763747454175153
"711","7364_ID","PMCs","3",0.0031813361611877,0,0.273594909862142,0.72322375397667
"712","7364_ID","Leptotene","3",0,0,0.191721132897603,0.808278867102396
"713","7364_ID","Fibrotic peritubular myoid cells","3",0,0,0.164948453608247,0.835051546391753
"714","7364_ID","Zygotene","3",0,0.00520291363163371,0.132154006243496,0.86264308012487
"715","7364_ID","Macrophages","3",0,0,0.222222222222222,0.777777777777778
"716","7364_ID","Sertoli cells","3",0,0.00595238095238095,0.297619047619048,0.696428571428571
"717","7364_ID","Diff.spermatogonia/Preleptotene","3",0,0.00167224080267559,0.12876254180602,0.869565217391304
"718","7364_ID","Diplotene","3",0.000468384074941452,0.00515222482435597,0.106791569086651,0.887587822014052
"719","7364_ID","Pachytene","3",0.00100502512562814,0.00603015075376884,0.0412060301507538,0.951758793969849
"720","7364_ID","Endothelial cells","3",0,0,0.271604938271605,0.728395061728395
"721","7569_ID","Leptotene","3",0,0,0.0261437908496732,0.973856209150327
"722","7569_ID","Leydig cells","3",0,0,0.0227272727272727,0.977272727272727
"723","7569_ID","Early spermatids","3",0.0254342431761787,0.00558312655086849,0.620967741935484,0.348014888337469
"724","7569_ID","Pachytene","3",0,0.00100502512562814,0.0321608040201005,0.966834170854271
"725","7569_ID","Diplotene","3",0,0.000936768149882904,0.0608899297423888,0.938173302107728
"726","7569_ID","Meiotic divisions","3",0.0164740595033194,0.00442586673223506,0.478731251536759,0.500368822227686
"727","7569_ID","Macrophages","3",0,0,0.111111111111111,0.888888888888889
"728","7569_ID","Zygotene","3",0.00104058272632674,0.00104058272632674,0.0426638917793965,0.95525494276795
"729","7569_ID","Fibrotic peritubular myoid cells","3",0,0,0.0154639175257732,0.984536082474227
"730","7569_ID","Diff.spermatogonia/Preleptotene","3",0,0.00836120401337793,0.0501672240802676,0.941471571906355
"731","7569_ID","PMCs","3",0.00106044538706257,0.00106044538706257,0.0922587486744433,0.905620360551432
"732","7569_ID","Sertoli cells","3",0,0,0.0714285714285714,0.928571428571429
"733","7569_ID","Endothelial cells","3",0,0.0123456790123457,0.0246913580246914,0.962962962962963
"734","7569_ID","Late spermatids","3",0.00967413441955193,0.00763747454175153,0.421079429735234,0.561608961303462
"735","7569_ID","Undifferentiated spermatogonia","3",0.000773395204949729,0.00773395204949729,0.0510440835266821,0.940448569218871
"736","7679_ID","Late spermatids","3",0.00560081466395112,0.0554989816700611,0.0336048879837067,0.905295315682281
"737","7679_ID","Sertoli cells","3",0,0.0357142857142857,0.00595238095238095,0.958333333333333
"738","7679_ID","Macrophages","3",0,0,0,1
"739","7679_ID","Early spermatids","3",0.0533498759305211,0.165012406947891,0.0967741935483871,0.684863523573201
"740","7679_ID","PMCs","3",0,0.0222693531283139,0.00424178154825027,0.973488865323436
"741","7679_ID","Diplotene","3",0,0.0173302107728337,0.00281030444964871,0.979859484777518
"742","7679_ID","Meiotic divisions","3",0.00024588148512417,0.0410622080157364,0.0108187853454635,0.947873125153676
"743","7679_ID","Fibrotic peritubular myoid cells","3",0,0.0154639175257732,0,0.984536082474227
"744","7679_ID","Leptotene","3",0,0.0174291938997821,0.00435729847494553,0.978213507625272
"745","7679_ID","Zygotene","3",0.00104058272632674,0.040582726326743,0.00520291363163371,0.953173777315297
"746","7679_ID","Diff.spermatogonia/Preleptotene","3",0.00167224080267559,0.0568561872909699,0,0.941471571906355
"747","7679_ID","Endothelial cells","3",0,0.0123456790123457,0,0.987654320987654
"748","7679_ID","Leydig cells","3",0,0,0,1
"749","7679_ID","Undifferentiated spermatogonia","3",0,0.0402165506573859,0.00232018561484919,0.957463263727765
"750","7679_ID","Pachytene","3",0,0.0311557788944724,0.00100502512562814,0.9678391959799
"751","7762_ID","Sertoli cells","3",0,0.00595238095238095,0,0.994047619047619
"752","7762_ID","PMCs","3",0,0.00212089077412513,0.00530222693531283,0.992576882290562
"753","7762_ID","Leptotene","3",0,0.00435729847494553,0.00871459694989107,0.986928104575163
"754","7762_ID","Meiotic divisions","3",0.00049176297024834,0.0118023112859602,0.0125399557413327,0.975165970002459
"755","7762_ID","Diff.spermatogonia/Preleptotene","3",0,0.00167224080267559,0.00167224080267559,0.996655518394649
"756","7762_ID","Endothelial cells","3",0,0,0,1
"757","7762_ID","Fibrotic peritubular myoid cells","3",0,0.00515463917525773,0.00515463917525773,0.989690721649485
"758","7762_ID","Diplotene","3",0,0.00468384074941452,0.0107728337236534,0.984543325526932
"759","7762_ID","Macrophages","3",0,0,0,1
"760","7762_ID","Undifferentiated spermatogonia","3",0.000773395204949729,0.00309358081979892,0.000773395204949729,0.995359628770302
"761","7762_ID","Pachytene","3",0.00201005025125628,0.014070351758794,0.021105527638191,0.962814070351759
"762","7762_ID","Late spermatids","3",0.00152749490835031,0.0280040733197556,0.0106924643584521,0.959775967413442
"763","7762_ID","Early spermatids","3",0.0043424317617866,0.0471464019851117,0.0620347394540943,0.886476426799007
"764","7762_ID","Zygotene","3",0,0.0312174817898023,0.00104058272632674,0.967741935483871
"765","7762_ID","Leydig cells","3",0,0,0,1
"766","7775_ID","Late spermatids","3",0,0.000509164969450102,0.014765784114053,0.984725050916497
"767","7775_ID","Leptotene","3",0,0,0,1
"768","7775_ID","Early spermatids","3",0,0,0.00992555831265509,0.990074441687345
"769","7775_ID","Zygotene","3",0,0.00312174817898023,0.00104058272632674,0.995837669094693
"770","7775_ID","Diff.spermatogonia/Preleptotene","3",0,0.00334448160535117,0,0.996655518394649
"771","7775_ID","Pachytene","3",0,0.0351758793969849,0,0.964824120603015
"772","7775_ID","Leydig cells","3",0,0,0,1
"773","7775_ID","Endothelial cells","3",0,0,0,1
"774","7775_ID","Meiotic divisions","3",0,0.00147528891074502,0.00147528891074502,0.99704942217851
"775","7775_ID","Diplotene","3",0,0.00702576112412178,0.00140515222482436,0.991569086651054
"776","7775_ID","Sertoli cells","3",0,0.00595238095238095,0,0.994047619047619
"777","7775_ID","Fibrotic peritubular myoid cells","3",0,0,0,1
"778","7775_ID","Macrophages","3",0,0,0,1
"779","7775_ID","PMCs","3",0,0.00212089077412513,0,0.997879109225875
"780","7775_ID","Undifferentiated spermatogonia","3",0,0.00386697602474865,0.000773395204949729,0.995359628770302
"781","7783_ID","PMCs","3",0,0.00212089077412513,0.00106044538706257,0.996818663838812
"782","7783_ID","Pachytene","3",0,0.00402010050251256,0.00201005025125628,0.993969849246231
"783","7783_ID","Macrophages","3",0,0,0,1
"784","7783_ID","Undifferentiated spermatogonia","3",0,0.00154679040989946,0.00309358081979892,0.995359628770302
"785","7783_ID","Endothelial cells","3",0,0,0,1
"786","7783_ID","Early spermatids","3",0.00310173697270471,0.0428039702233251,0.0254342431761787,0.928660049627792
"787","7783_ID","Late spermatids","3",0.000509164969450102,0.0315682281059063,0.0142566191446029,0.953665987780041
"788","7783_ID","Diff.spermatogonia/Preleptotene","3",0,0,0,1
"789","7783_ID","Fibrotic peritubular myoid cells","3",0,0.00515463917525773,0,0.994845360824742
"790","7783_ID","Zygotene","3",0,0.00104058272632674,0.00208116545265349,0.99687825182102
"791","7783_ID","Sertoli cells","3",0,0.00595238095238095,0,0.994047619047619
"792","7783_ID","Leptotene","3",0,0.0065359477124183,0,0.993464052287582
"793","7783_ID","Diplotene","3",0,0.00187353629976581,0,0.998126463700234
"794","7783_ID","Leydig cells","3",0,0,0,1
"795","7783_ID","Meiotic divisions","3",0.00024588148512417,0.0167199409884436,0.00835997049422178,0.974674207032211
"796","7790_ID","Pachytene","3",0,0,0.0110552763819095,0.98894472361809
"797","7790_ID","Sertoli cells","3",0,0,0.0178571428571429,0.982142857142857
"798","7790_ID","Zygotene","3",0,0,0.0072840790842872,0.992715920915713
"799","7790_ID","Endothelial cells","3",0,0,0,1
"800","7790_ID","Early spermatids","3",0.000620347394540943,0,0.254962779156328,0.744416873449132
"801","7790_ID","Meiotic divisions","3",0,0.00073764445537251,0.0619621342512909,0.937300221293337
"802","7790_ID","PMCs","3",0,0,0.0116648992576882,0.988335100742312
"803","7790_ID","Late spermatids","3",0,0.000509164969450102,0.143584521384929,0.855906313645621
"804","7790_ID","Leydig cells","3",0,0,0.0227272727272727,0.977272727272727
"805","7790_ID","Undifferentiated spermatogonia","3",0,0.000773395204949729,0.0100541376643465,0.989172467130704
"806","7790_ID","Fibrotic peritubular myoid cells","3",0,0,0,1
"807","7790_ID","Diff.spermatogonia/Preleptotene","3",0,0,0.0117056856187291,0.988294314381271
"808","7790_ID","Leptotene","3",0,0,0.0152505446623094,0.984749455337691
"809","7790_ID","Diplotene","3",0,0,0.00936768149882904,0.990632318501171
"810","7790_ID","Macrophages","3",0,0,0.0555555555555556,0.944444444444444
"811","7852_ID","Early spermatids","3",0.0167493796526055,0.0657568238213399,0.1712158808933,0.746277915632754
"812","7852_ID","Meiotic divisions","3",0.0208999262355545,0.046225719203344,0.212195721662159,0.720678632898943
"813","7852_ID","Undifferentiated spermatogonia","3",0.000773395204949729,0.0324825986078886,0.0177880897138438,0.948955916473318
"814","7852_ID","Diff.spermatogonia/Preleptotene","3",0,0.00334448160535117,0.0217391304347826,0.974916387959866
"815","7852_ID","PMCs","3",0,0.0116648992576882,0.0413573700954401,0.946977730646872
"816","7852_ID","Fibrotic peritubular myoid cells","3",0,0,0.0206185567010309,0.979381443298969
"817","7852_ID","Leydig cells","3",0,0,0.0227272727272727,0.977272727272727
"818","7852_ID","Zygotene","3",0,0.0072840790842872,0.0197710718002081,0.972944849115505
"819","7852_ID","Pachytene","3",0.00804020100502513,0.0251256281407035,0.116582914572864,0.850251256281407
"820","7852_ID","Late spermatids","3",0.00305498981670061,0.0244399185336049,0.0697556008146639,0.902749490835031
"821","7852_ID","Endothelial cells","3",0,0.0123456790123457,0,0.987654320987654
"822","7852_ID","Sertoli cells","3",0,0.0238095238095238,0.0119047619047619,0.964285714285714
"823","7852_ID","Diplotene","3",0.0121779859484778,0.0351288056206089,0.256206088992974,0.696487119437939
"824","7852_ID","Macrophages","3",0,0,0,1
"825","7852_ID","Leptotene","3",0,0.0065359477124183,0.0130718954248366,0.980392156862745
"826","9357_ID","Sertoli cells","3",0,0.0297619047619048,0,0.970238095238095
"827","9357_ID","Diff.spermatogonia/Preleptotene","3",0,0.0250836120401338,0.00334448160535117,0.971571906354515
"828","9357_ID","Macrophages","3",0,0,0,1
"829","9357_ID","Zygotene","3",0,0.0551508844953174,0,0.944849115504683
"830","9357_ID","Undifferentiated spermatogonia","3",0.000773395204949729,0.0193348801237432,0.000773395204949729,0.979118329466357
"831","9357_ID","Fibrotic peritubular myoid cells","3",0,0,0,1
"832","9357_ID","Leydig cells","3",0,0,0.0227272727272727,0.977272727272727
"833","9357_ID","Diplotene","3",0.000468384074941452,0.230913348946136,0.00140515222482436,0.767213114754098
"834","9357_ID","PMCs","3",0,0.0212089077412513,0.00212089077412513,0.976670201484624
"835","9357_ID","Pachytene","3",0,0.111557788944724,0.00301507537688442,0.885427135678392
"836","9357_ID","Leptotene","3",0,0.0326797385620915,0,0.967320261437909
"837","9357_ID","Early spermatids","3",0.00744416873449132,0.13151364764268,0.0421836228287841,0.818858560794045
"838","9357_ID","Meiotic divisions","3",0.00688468158347676,0.154905335628227,0.0196705188099336,0.818539463978362
"839","9357_ID","Late spermatids","3",0.00152749490835031,0.0519348268839104,0.00305498981670061,0.943482688391039
"840","9357_ID","Endothelial cells","3",0,0.0617283950617284,0.0123456790123457,0.925925925925926
"841","9391_ID","Zygotene","3",0,0.00416233090530697,0,0.995837669094693
"842","9391_ID","Meiotic divisions","3",0.00172117039586919,0.0319645930661421,0.0174575854438161,0.948856651094173
"843","9391_ID","Diff.spermatogonia/Preleptotene","3",0,0.00167224080267559,0.00167224080267559,0.996655518394649
"844","9391_ID","Sertoli cells","3",0,0.00595238095238095,0.00595238095238095,0.988095238095238
"845","9391_ID","Diplotene","3",0,0.00281030444964871,0.000936768149882904,0.996252927400468
"846","9391_ID","Early spermatids","3",0.00248138957816377,0.0905707196029777,0.0241935483870968,0.882754342431762
"847","9391_ID","Macrophages","3",0,0,0,1
"848","9391_ID","Late spermatids","3",0.000509164969450102,0.0280040733197556,0.00560081466395112,0.965885947046843
"849","9391_ID","Leydig cells","3",0,0,0,1
"850","9391_ID","Leptotene","3",0,0.00435729847494553,0,0.995642701525055
"851","9391_ID","Undifferentiated spermatogonia","3",0.000773395204949729,0.00309358081979892,0.00464037122969838,0.991492652745553
"852","9391_ID","Fibrotic peritubular myoid cells","3",0,0.00515463917525773,0,0.994845360824742
"853","9391_ID","PMCs","3",0,0.00848356309650053,0.00424178154825027,0.987274655355249
"854","9391_ID","Pachytene","3",0,0.0050251256281407,0.00703517587939699,0.987939698492462
"855","9391_ID","Endothelial cells","3",0,0.0123456790123457,0,0.987654320987654
"856","9392_ID","Zygotene","1",0.00520291363163371,0.0239334027055151,0.0124869927159209,0.95837669094693
"857","9392_ID","Early spermatids","1",0.465260545905707,0.353598014888337,0.0719602977667494,0.109181141439206
"858","9392_ID","Meiotic divisions","1",0.109171379395132,0.335382345709368,0.0499139414802065,0.505532333415294
"859","9392_ID","Diplotene","1",0.000468384074941452,0.024824355971897,0.0121779859484778,0.962529274004684
"860","9392_ID","Late spermatids","1",0.112525458248473,0.237780040733198,0.0626272912423625,0.587067209775967
"861","9392_ID","Diff.spermatogonia/Preleptotene","1",0.00167224080267559,0.0250836120401338,0.0133779264214047,0.959866220735786
"862","9392_ID","Sertoli cells","1",0.0119047619047619,0.0476190476190476,0.0178571428571429,0.922619047619048
"863","9392_ID","Leydig cells","1",0,0,0,1
"864","9392_ID","PMCs","1",0.0233297985153765,0.0477200424178155,0.0222693531283139,0.906680805938494
"865","9392_ID","Undifferentiated spermatogonia","1",0.00696055684454756,0.0665119876256767,0.02861562258314,0.897911832946636
"866","9392_ID","Leptotene","1",0.0065359477124183,0.0261437908496732,0.0217864923747277,0.945533769063181
"867","9392_ID","Fibrotic peritubular myoid cells","1",0,0.0360824742268041,0,0.963917525773196
"868","9392_ID","Pachytene","1",0.00201005025125628,0.00703517587939699,0.00904522613065327,0.981909547738693
"869","9392_ID","Macrophages","1",0,0,0.0555555555555556,0.944444444444444
"870","9392_ID","Endothelial cells","1",0,0.0246913580246914,0.0246913580246914,0.950617283950617
"871","9393_ID","Leptotene","3",0.0065359477124183,0.0326797385620915,0.0217864923747277,0.938997821350762
"872","9393_ID","Pachytene","3",0,0.0371859296482412,0.0110552763819095,0.951758793969849
"873","9393_ID","PMCs","3",0.0148462354188759,0.0371155885471898,0.0307529162248144,0.91728525980912
"874","9393_ID","Meiotic divisions","3",0.0654044750430293,0.141627735431522,0.0936808458323088,0.69928694369314
"875","9393_ID","Sertoli cells","3",0,0.0178571428571429,0.0297619047619048,0.952380952380952
"876","9393_ID","Late spermatids","3",0.0763747454175153,0.179226069246436,0.0987780040733198,0.645621181262729
"877","9393_ID","Endothelial cells","3",0,0.0246913580246914,0.0246913580246914,0.950617283950617
"878","9393_ID","Diplotene","3",0.00140515222482436,0.0271662763466042,0.0112412177985948,0.960187353629977
"879","9393_ID","Diff.spermatogonia/Preleptotene","3",0,0.0384615384615385,0.0150501672240803,0.946488294314381
"880","9393_ID","Zygotene","3",0.00312174817898023,0.032258064516129,0.0145681581685744,0.950052029136316
"881","9393_ID","Leydig cells","3",0,0,0,1
"882","9393_ID","Macrophages","3",0,0,0.0555555555555556,0.944444444444444
"883","9393_ID","Early spermatids","3",0.309553349875931,0.179900744416873,0.227667493796526,0.28287841191067
"884","9393_ID","Fibrotic peritubular myoid cells","3",0,0.0154639175257732,0,0.984536082474227
"885","9393_ID","Undifferentiated spermatogonia","3",0.00386697602474865,0.0502706883217324,0.0317092034029389,0.91415313225058
"886","9394_ID","Leydig cells","3",0,0,0,1
"887","9394_ID","Late spermatids","3",0.00203665987780041,0.0493890020366599,0.0112016293279022,0.937372708757637
"888","9394_ID","Fibrotic peritubular myoid cells","3",0,0,0.00515463917525773,0.994845360824742
"889","9394_ID","Zygotene","3",0,0.00624349635796046,0.00312174817898023,0.990634755463059
"890","9394_ID","Diplotene","3",0,0.00281030444964871,0.00562060889929742,0.991569086651054
"891","9394_ID","Pachytene","3",0,0.00301507537688442,0.0050251256281407,0.991959798994975
"892","9394_ID","Undifferentiated spermatogonia","3",0,0.00618716163959783,0.00618716163959783,0.987625676720804
"893","9394_ID","Meiotic divisions","3",0.00024588148512417,0.0196705188099336,0.00885173346447013,0.971231866240472
"894","9394_ID","Leptotene","3",0,0.00435729847494553,0.00435729847494553,0.991285403050109
"895","9394_ID","Macrophages","3",0,0,0,1
"896","9394_ID","Sertoli cells","3",0,0.00595238095238095,0.00595238095238095,0.988095238095238
"897","9394_ID","Diff.spermatogonia/Preleptotene","3",0,0.00167224080267559,0.00501672240802676,0.993311036789298
"898","9394_ID","PMCs","3",0,0.00530222693531283,0.0031813361611877,0.991516436903499
"899","9394_ID","Endothelial cells","3",0,0,0,1
"900","9394_ID","Early spermatids","3",0.000620347394540943,0.0595533498759305,0.0086848635235732,0.931141439205955
"901","9395_ID","Endothelial cells","3",0,0.0246913580246914,0,0.975308641975309
"902","9395_ID","Leptotene","3",0,0.0326797385620915,0.00435729847494553,0.962962962962963
"903","9395_ID","Diplotene","3",0.000468384074941452,0.024824355971897,0.00515222482435597,0.969555035128806
"904","9395_ID","Zygotene","3",0,0.0291363163371488,0.00312174817898023,0.967741935483871
"905","9395_ID","Pachytene","3",0,0.00904522613065327,0.0050251256281407,0.985929648241206
"906","9395_ID","Meiotic divisions","3",0.00368822227686255,0.440865502827637,0.00540939267273174,0.550036882222769
"907","9395_ID","Late spermatids","3",0.00407331975560081,0.346232179226069,0.00916496945010183,0.640529531568228
"908","9395_ID","Leydig cells","3",0,0,0,1
"909","9395_ID","Fibrotic peritubular myoid cells","3",0,0.0360824742268041,0.00515463917525773,0.958762886597938
"910","9395_ID","PMCs","3",0,0.0710498409331919,0.0031813361611877,0.92576882290562
"911","9395_ID","Early spermatids","3",0.0086848635235732,0.810173697270472,0.000620347394540943,0.180521091811414
"912","9395_ID","Macrophages","3",0,0,0,1
"913","9395_ID","Diff.spermatogonia/Preleptotene","3",0,0.0267558528428094,0.00501672240802676,0.968227424749164
"914","9395_ID","Sertoli cells","3",0,0.0595238095238095,0.00595238095238095,0.93452380952381
"915","9395_ID","Undifferentiated spermatogonia","3",0,0.0734725444702243,0.00618716163959783,0.920340293890178
"916","9396_ID","Leydig cells","3",0,0,0,1
"917","9396_ID","Diplotene","3",0,0.0285714285714286,0.00562060889929742,0.965807962529274
"918","9396_ID","Macrophages","3",0,0,0,1
"919","9396_ID","Early spermatids","3",0.00124069478908189,0.488213399503722,0.00806451612903226,0.502481389578164
"920","9396_ID","Leptotene","3",0,0.0392156862745098,0.00435729847494553,0.956427015250545
"921","9396_ID","Sertoli cells","3",0,0.0178571428571429,0.00595238095238095,0.976190476190476
"922","9396_ID","Undifferentiated spermatogonia","3",0,0.0541376643464811,0.00618716163959783,0.939675174013921
"923","9396_ID","Pachytene","3",0,0.0371859296482412,0.0050251256281407,0.957788944723618
"924","9396_ID","Endothelial cells","3",0,0.0246913580246914,0,0.975308641975309
"925","9396_ID","Diff.spermatogonia/Preleptotene","3",0,0.0384615384615385,0.00501672240802676,0.956521739130435
"926","9396_ID","Zygotene","3",0,0.0353798126951093,0.00312174817898023,0.96149843912591
"927","9396_ID","Fibrotic peritubular myoid cells","3",0,0.0154639175257732,0.00515463917525773,0.979381443298969
"928","9396_ID","Meiotic divisions","3",0.00147528891074502,0.205556921563806,0.00762232603884927,0.7853454634866
"929","9396_ID","PMCs","3",0,0.0519618239660657,0.0031813361611877,0.944856839872747
"930","9396_ID","Late spermatids","3",0.00152749490835031,0.254073319755601,0.0117107942973523,0.732688391038697
"931","9470_ID","Undifferentiated spermatogonia","3",0,0.020108275328693,0.00618716163959783,0.973704563031709
"932","9470_ID","Fibrotic peritubular myoid cells","3",0,0,0.00515463917525773,0.994845360824742
"933","9470_ID","Endothelial cells","3",0,0.0617283950617284,0,0.938271604938272
"934","9470_ID","Leydig cells","3",0,0,0,1
"935","9470_ID","Leptotene","3",0,0.0326797385620915,0.00217864923747277,0.965141612200436
"936","9470_ID","Meiotic divisions","3",0.021637570690927,0.140152446520777,0.0658962380132776,0.772313744775018
"937","9470_ID","Early spermatids","3",0.0142679900744417,0.12468982630273,0.0552109181141439,0.805831265508685
"938","9470_ID","Diplotene","3",0.00187353629976581,0.229508196721311,0.00608899297423888,0.762529274004684
"939","9470_ID","Diff.spermatogonia/Preleptotene","3",0,0.0250836120401338,0.00334448160535117,0.971571906354515
"940","9470_ID","Macrophages","3",0,0,0,1
"941","9470_ID","Sertoli cells","3",0,0.0297619047619048,0,0.970238095238095
"942","9470_ID","Late spermatids","3",0.00203665987780041,0.0514256619144603,0.0142566191446029,0.932281059063137
"943","9470_ID","PMCs","3",0.0031813361611877,0.0180275715800636,0.0116648992576882,0.96712619300106
"944","9470_ID","Zygotene","3",0,0.0551508844953174,0.00312174817898023,0.941727367325702
"945","9470_ID","Pachytene","3",0.00100502512562814,0.110552763819095,0.0050251256281407,0.883417085427136
"946","9848_ID","PMCs","3",0,0.0424178154825027,0,0.957582184517497
"947","9848_ID","Sertoli cells","3",0,0.0952380952380952,0,0.904761904761905
"948","9848_ID","Fibrotic peritubular myoid cells","3",0,0.0206185567010309,0,0.979381443298969
"949","9848_ID","Early spermatids","3",0,0.0949131513647643,0,0.905086848635236
"950","9848_ID","Leptotene","3",0,0.0217864923747277,0,0.978213507625272
"951","9848_ID","Late spermatids","3",0,0.0493890020366599,0,0.95061099796334
"952","9848_ID","Leydig cells","3",0,0.0681818181818182,0,0.931818181818182
"953","9848_ID","Undifferentiated spermatogonia","3",0,0.074245939675174,0.000773395204949729,0.924980665119876
"954","9848_ID","Diff.spermatogonia/Preleptotene","3",0,0.0635451505016722,0.00334448160535117,0.933110367892977
"955","9848_ID","Macrophages","3",0,0.0555555555555556,0,0.944444444444444
"956","9848_ID","Diplotene","3",0.00140515222482436,0.482435597189696,0,0.51615925058548
"957","9848_ID","Meiotic divisions","3",0.00049176297024834,0.229407425620851,0.00049176297024834,0.769609048438653
"958","9848_ID","Zygotene","3",0.00104058272632674,0.22372528616025,0.00312174817898023,0.772112382934443
"959","9848_ID","Endothelial cells","3",0,0,0,1
"960","9848_ID","Pachytene","3",0.0100502512562814,0.749748743718593,0.00100502512562814,0.239195979899497
